,Length,Diameter,Height,Whole_weight,Shucked_weight,Viscera_weight,Shell_weight,Sex_b'F',Sex_b'I',Sex_b'M',Class
0,0.7083333333333333,0.7088607594936708,0.1415929203539823,0.738365155131265,0.4741813602015112,0.5596446700507615,0.7922636103151862,0.0,0.0,1.0,1
1,0.8020833333333335,0.7974683544303799,0.15486725663716813,0.7684964200477329,0.6089420654911839,0.6408629441624366,0.7779369627507162,0.0,0.0,1.0,1
2,0.78125,0.7341772151898734,0.168141592920354,0.6942124105011934,0.5440806045340051,0.7411167512690355,0.5200573065902578,1.0,0.0,0.0,1
3,0.635416666666667,0.6582278481012659,0.11061946902654868,0.5149164677804297,0.39357682619647344,0.29314720812182743,0.49856733524355307,1.0,0.0,0.0,1
4,1.0,0.9999999999999999,0.19911504424778761,1.0,0.7625944584382871,0.8299492385786803,0.7922636103151862,0.0,0.0,1.0,1
5,0.5729166666666667,0.5569620253164557,0.12831858407079647,0.5155131264916468,0.44458438287153645,0.4352791878172589,0.340974212034384,0.0,1.0,0.0,1
6,0.4895833333333335,0.49367088607594944,0.13274336283185842,0.2941527446300716,0.24370277078085642,0.28045685279187815,0.20487106017191978,0.0,0.0,1.0,1
7,0.4895833333333335,0.430379746835443,0.11504424778761063,0.36008353221957046,0.1681360201511335,0.29949238578680204,0.25501432664756446,1.0,0.0,0.0,1
8,0.7708333333333335,0.569620253164557,0.14601769911504425,0.5844272076372317,0.4112090680100755,0.38451776649746194,0.5988538681948424,1.0,0.0,0.0,1
9,0.885416666666667,0.8987341772151901,0.1769911504424779,0.9045346062052507,0.621536523929471,1.0,0.7994269340974212,1.0,0.0,0.0,1
10,0.8645833333333335,0.8987341772151901,0.1504424778761062,0.6963007159904536,0.5547858942065491,0.5888324873096447,0.5343839541547278,0.0,0.0,1.0,1
11,0.8541666666666667,0.7721518987341772,0.15486725663716813,0.9916467780429595,0.7096977329974811,0.733502538071066,1.0,1.0,0.0,0.0,1
12,0.8645833333333335,0.8607594936708861,0.16371681415929204,0.9051312649164679,0.7506297229219143,0.8540609137055838,0.6346704871060171,1.0,0.0,0.0,1
13,0.8750000000000002,0.9113924050632912,0.1769911504424779,0.8105608591885441,0.6467254408060453,0.6421319796954316,0.6275071633237822,0.0,0.0,1.0,1
14,0.35416666666666674,0.26582278481012656,0.084070796460177,0.16199284009546538,0.13790931989924432,0.16243654822335027,0.13323782234957018,0.0,1.0,0.0,0
15,0.4375000000000001,0.40506329113924044,0.09292035398230089,0.23836515513126494,0.24622166246851387,0.28045685279187815,0.14040114613180515,0.0,0.0,1.0,0
16,0.4062500000000001,0.40506329113924044,0.09292035398230089,0.26402147971360385,0.25881612090680095,0.2614213197969543,0.16905444126074498,1.0,0.0,0.0,0
17,0.5520833333333335,0.5443037974683543,0.10619469026548672,0.30727923627684967,0.260705289672544,0.24746192893401017,0.2335243553008596,0.0,1.0,0.0,0
18,0.5104166666666667,0.5189873417721519,0.12389380530973453,0.3469570405727924,0.28337531486146095,0.4111675126903553,0.27650429799426934,1.0,0.0,0.0,0
19,0.39583333333333337,0.3924050632911391,0.10619469026548672,0.21628878281622915,0.20214105793450882,0.20812182741116753,0.15472779369627507,0.0,0.0,1.0,0
20,0.44791666666666663,0.4810126582278481,0.11946902654867259,0.3039976133651552,0.30856423173803527,0.27030456852791873,0.20487106017191978,0.0,0.0,1.0,0
21,0.5520833333333335,0.5189873417721519,0.10619469026548672,0.2983293556085919,0.25503778337531485,0.29949238578680204,0.22636103151862466,0.0,0.0,1.0,0
22,0.45833333333333337,0.40506329113924044,0.10619469026548672,0.23866348448687352,0.25503778337531485,0.22335025380710663,0.15472779369627507,0.0,0.0,1.0,0
23,0.3020833333333335,0.31645569620253167,0.09734513274336283,0.1628878281622912,0.13727959697733,0.21573604060913706,0.10458452722063039,1.0,0.0,0.0,0
24,0.44791666666666663,0.45569620253164556,0.11504424778761063,0.2643198090692125,0.22984886649874056,0.30076142131979694,0.16905444126074498,0.0,0.0,1.0,0
25,0.3125000000000001,0.2784810126582278,0.0752212389380531,0.10769689737470169,0.10453400503778337,0.11675126903553301,0.0830945558739255,0.0,0.0,1.0,0
26,0.27083333333333337,0.240506329113924,0.0752212389380531,0.10173031026252984,0.1013853904282116,0.12055837563451777,0.07593123209169056,0.0,1.0,0.0,0
27,0.35416666666666674,0.3417721518987342,0.10176991150442478,0.19451073985680195,0.16624685138539042,0.17131979695431473,0.1554441260744986,1.0,0.0,0.0,0
28,0.5625000000000002,0.6075949367088608,0.13716814159292037,0.5877088305489261,0.5724181360201511,0.5571065989847717,0.36962750716332377,0.0,0.0,1.0,0
29,0.125,0.12658227848101256,0.0752212389380531,0.037887828162291165,0.027078085642317375,0.08629441624365483,0.03295128939828081,0.0,1.0,0.0,0
30,0.20833333333333337,0.20253164556962033,0.0752212389380531,0.08353221957040573,0.07619647355163728,0.11802030456852791,0.17621776504297992,0.0,1.0,0.0,0
31,0.34375,0.35443037974683544,0.10176991150442478,0.1724343675417661,0.1756926952141058,0.14593908629441624,0.13323782234957018,0.0,0.0,1.0,0
32,0.3750000000000001,0.3670886075949368,0.09734513274336283,0.17869928400954654,0.1486146095717884,0.18147208121827413,0.13323782234957018,0.0,1.0,0.0,0
33,0.4062500000000001,0.3924050632911391,0.11504424778761063,0.22673031026252988,0.17947103274559192,0.24746192893401017,0.15472779369627507,0.0,0.0,1.0,0
34,0.33333333333333337,0.2784810126582278,0.11504424778761063,0.14319809069212414,0.12468513853904281,0.15736040609137056,0.11174785100286533,1.0,0.0,0.0,0
35,0.09375,0.08860759493670889,0.07079646017699115,0.028341288782816235,0.015113350125944579,0.032994923857868015,0.018624641833810893,0.0,1.0,0.0,0
36,0.1562500000000001,0.15189873417721522,0.0752212389380531,0.05101431980906922,0.039672544080604534,0.06472081218274112,0.04727793696275071,0.0,1.0,0.0,0
37,0.19791666666666663,0.20253164556962033,0.09734513274336283,0.12678997613365156,0.11460957178841308,0.1269035532994924,0.09097421203438394,0.0,0.0,1.0,0
38,0.23958333333333337,0.21518987341772156,0.08849557522123895,0.10262529832935562,0.09445843828715364,0.11675126903553301,0.0673352435530086,0.0,0.0,1.0,0
39,0.21875,0.2531645569620252,0.09292035398230089,0.0960620525059666,0.06926952141057932,0.10025380710659898,0.09742120343839542,0.0,0.0,1.0,0
40,0.21875,0.21518987341772156,0.07964601769911504,0.08681384248210026,0.07178841309823678,0.06725888324873097,0.09025787965616044,0.0,1.0,0.0,0
41,0.3020833333333335,0.3291139240506329,0.10619469026548672,0.14230310262529833,0.12909319899244334,0.10913705583756347,0.09742120343839542,1.0,0.0,0.0,0
42,0.4270833333333335,0.5822784810126581,0.13716814159292037,0.3973747016706444,0.3387909319899244,0.3515228426395939,0.30515759312320917,1.0,0.0,0.0,0
43,0.25,0.2784810126582278,0.10176991150442478,0.1142601431980907,0.07619647355163728,0.1535532994923858,0.09025787965616044,0.0,1.0,0.0,0
44,0.7395833333333335,0.7594936708860759,0.16371681415929204,0.6402147971360382,0.635390428211587,0.7030456852791879,0.31232091690544417,1.0,0.0,0.0,0
45,0.44791666666666663,0.4683544303797469,0.12831858407079647,0.3022076372315036,0.260705289672544,0.3312182741116751,0.22636103151862466,0.0,0.0,1.0,0
46,0.4062500000000001,0.40506329113924044,0.10176991150442478,0.23806682577565635,0.22795969773299748,0.23096446700507614,0.17621776504297992,0.0,0.0,1.0,0
47,0.65625,0.6202531645569621,0.084070796460177,0.4457040572792363,0.3879093198992443,0.5279187817258884,0.2979942693409742,0.0,0.0,1.0,0
48,0.07291666666666663,0.07594936708860756,0.06194690265486726,0.012529832935560863,0.005667506297229209,0.025380710659898477,0.011461318051575936,0.0,1.0,0.0,0
49,0.16666666666666674,0.16455696202531644,0.08849557522123895,0.0668257756563246,0.05919395465994961,0.11421319796954316,0.06160458452722064,0.0,1.0,0.0,0
50,0.39583333333333337,0.3924050632911391,0.10176991150442478,0.16795942720763724,0.1574307304785894,0.1421319796954315,0.12893982808022925,0.0,0.0,1.0,0
51,0.0,0.0,0.057522123893805316,0.0,0.0,0.011421319796954314,0.0,0.0,0.0,1.0,0
52,0.38541666666666674,0.3670886075949368,0.09292035398230089,0.1694510739856802,0.14672544080604533,0.1700507614213198,0.1296561604584527,1.0,0.0,0.0,0
53,0.26041666666666674,0.2784810126582278,0.084070796460177,0.12022673031026253,0.11838790931989923,0.09898477157360408,0.09025787965616044,1.0,0.0,0.0,0
54,0.20833333333333337,0.17721518987341778,0.07964601769911504,0.05250596658711218,0.023299748110831235,0.06979695431472083,0.05157593123209169,0.0,0.0,1.0,0
55,0.20833333333333337,0.17721518987341778,0.0752212389380531,0.07219570405727925,0.04722921914357683,0.10025380710659898,0.060888252148997145,0.0,0.0,1.0,0
56,0.47916666666666674,0.45569620253164556,0.12389380530973453,0.2631264916467781,0.21221662468513855,0.2779187817258883,0.20487106017191978,0.0,1.0,0.0,0
57,0.27083333333333337,0.20253164556962033,0.10176991150442478,0.11247016706443917,0.08312342569269521,0.17512690355329952,0.0830945558739255,0.0,0.0,1.0,0
58,0.4062500000000001,0.3924050632911391,0.11504424778761063,0.2786396181384249,0.26889168765743066,0.3223350253807107,0.16260744985673353,0.0,1.0,0.0,0
59,0.46875,0.430379746835443,0.11946902654867259,0.3338305489260143,0.3312342569269521,0.25253807106598986,0.21203438395415472,1.0,0.0,0.0,0
60,0.4895833333333335,0.4810126582278481,0.11061946902654868,0.31563245823389025,0.3463476070528967,0.20939086294416245,0.2156160458452722,0.0,0.0,1.0,0
61,0.5625000000000002,0.5063291139240508,0.11504424778761063,0.40781622911694515,0.38539042821158687,0.32741116751269034,0.28366762177650434,0.0,0.0,1.0,0
62,0.6145833333333335,0.5949367088607594,0.11061946902654868,0.5029832935560861,0.4685138539042821,0.4098984771573604,0.3667621776504298,1.0,0.0,0.0,0
63,0.7083333333333333,0.7215189873417721,0.1415929203539823,0.6739260143198091,0.6183879093198992,0.717005076142132,0.41977077363896853,1.0,0.0,0.0,0
64,0.8020833333333335,0.7974683544303799,0.14601769911504425,0.8389021479713604,0.9168765743073047,0.8083756345177666,0.4212034383954155,1.0,0.0,0.0,0
65,0.125,0.08860759493670889,0.06194690265486726,0.03818615751789976,0.027078085642317375,0.04314720812182741,0.018624641833810893,0.0,1.0,0.0,0
66,0.3750000000000001,0.3291139240506329,0.10619469026548672,0.19063245823389025,0.18891687657430728,0.12055837563451777,0.12249283667621777,0.0,1.0,0.0,0
67,0.4062500000000001,0.40506329113924044,0.09292035398230089,0.21748210023866354,0.2084382871536524,0.20177664974619292,0.15257879656160458,0.0,1.0,0.0,0
68,0.44791666666666663,0.430379746835443,0.10619469026548672,0.3174224343675418,0.37216624685138533,0.34644670050761417,0.16189111747851004,0.0,0.0,1.0,0
69,0.44791666666666663,0.430379746835443,0.10619469026548672,0.29952267303102625,0.32556675062972285,0.19923857868020306,0.17048710601719197,1.0,0.0,0.0,0
70,0.46875,0.41772151898734167,0.08849557522123895,0.214200477326969,0.20465994962216624,0.21700507614213202,0.12607449856733524,0.0,0.0,1.0,0
71,0.4895833333333335,0.4810126582278481,0.11061946902654868,0.33949880668257765,0.3633501259445843,0.28045685279187815,0.20415472779369628,0.0,0.0,1.0,0
72,0.5208333333333335,0.49367088607594944,0.13274336283185842,0.36097852028639626,0.41624685138539036,0.2982233502538071,0.18481375358166188,0.0,1.0,0.0,0
73,0.5208333333333335,0.40506329113924044,0.11061946902654868,0.3108591885441528,0.27518891687657426,0.2715736040609137,0.22636103151862466,0.0,1.0,0.0,0
74,0.53125,0.49367088607594944,0.11946902654867259,0.4110978520286397,0.4559193954659949,0.33502538071065985,0.2335243553008596,0.0,0.0,1.0,0
75,0.53125,0.5443037974683543,0.12831858407079647,0.4272076372315037,0.4471032745591939,0.4263959390862944,0.24140401146131804,0.0,0.0,1.0,0
76,0.5416666666666667,0.5949367088607594,0.12389380530973453,0.4498806682577566,0.42254408060453397,0.47335025380710666,0.2908309455587393,1.0,0.0,0.0,0
77,0.5625000000000002,0.5569620253164557,0.12389380530973453,0.3842482100238664,0.39798488664987397,0.4048223350253807,0.21203438395415472,1.0,0.0,0.0,0
78,0.5729166666666667,0.5822784810126581,0.13274336283185842,0.45912887828162297,0.3734256926952141,0.5545685279187818,0.25071633237822355,1.0,0.0,0.0,0
79,0.5833333333333335,0.5189873417721519,0.11946902654867259,0.4424224343675418,0.4559193954659949,0.46319796954314724,0.25501432664756446,1.0,0.0,0.0,0
80,0.5833333333333335,0.5949367088607594,0.12389380530973453,0.3797732696897375,0.3198992443324936,0.37055837563451777,0.2700573065902579,0.0,0.0,1.0,0
81,0.5833333333333335,0.6075949367088608,0.12389380530973453,0.4737470167064439,0.4307304785894206,0.5469543147208122,0.27578796561604585,0.0,0.0,1.0,0
82,0.6458333333333333,0.5189873417721519,0.11504424778761063,0.36843675417661104,0.3476070528967254,0.3883248730964467,0.21919770773638966,1.0,0.0,0.0,0
83,0.65625,0.6582278481012659,0.13274336283185842,0.6127684964200478,0.6404282115869018,0.6129441624365483,0.34813753581661894,1.0,0.0,0.0,0
84,0.65625,0.6329113924050632,0.12389380530973453,0.5868138424821002,0.6234256926952141,0.5228426395939086,0.30515759312320917,0.0,0.0,1.0,0
85,0.6770833333333333,0.6708860759493672,0.1592920353982301,0.5796539379474942,0.47607052896725427,0.6243654822335026,0.3567335243553009,1.0,0.0,0.0,0
86,0.6770833333333333,0.6455696202531646,0.12831858407079647,0.6306682577565633,0.663727959697733,0.5241116751269036,0.37679083094555876,1.0,0.0,0.0,0
87,0.6979166666666667,0.6962025316455694,0.1415929203539823,0.6718377088305489,0.5636020151133501,0.5812182741116751,0.4040114613180516,0.0,0.0,1.0,0
88,0.6979166666666667,0.6582278481012659,0.12831858407079647,0.5865155131264916,0.6095717884130982,0.5862944162436549,0.3194842406876791,1.0,0.0,0.0,0
89,0.75,0.7215189873417721,0.1415929203539823,0.699582338902148,0.6971032745591939,0.6243654822335026,0.43409742120343847,1.0,0.0,0.0,0
90,0.78125,0.7341772151898734,0.13716814159292037,0.7147971360381863,0.7625944584382871,0.6637055837563453,0.4054441260744986,0.0,0.0,1.0,0
91,0.78125,0.7215189873417721,0.13274336283185842,0.6554295942720765,0.6133501259445843,0.5951776649746193,0.424785100286533,0.0,0.0,1.0,0
92,0.8125000000000002,0.8227848101265823,0.15486725663716813,0.8836515513126493,0.8532745591939546,0.868020304568528,0.5343839541547278,0.0,0.0,1.0,0
93,0.8125000000000002,0.7848101265822786,0.14601769911504425,0.8069809069212412,0.8217884130982368,0.7474619289340102,0.4426934097421204,1.0,0.0,0.0,0
94,0.90625,0.8354430379746837,0.15486725663716813,0.9668854415274463,1.0,0.8845177664974619,0.5415472779369628,0.0,0.0,1.0,0
95,0.39583333333333337,0.35443037974683544,0.09734513274336283,0.19749403341288785,0.21032745591939547,0.20304568527918784,0.11747851002865328,0.0,1.0,0.0,0
96,0.4062500000000001,0.430379746835443,0.11061946902654868,0.22792362768496427,0.22921914357682618,0.21573604060913706,0.1497134670487106,0.0,1.0,0.0,0
97,0.46875,0.4683544303797469,0.11061946902654868,0.32488066825775663,0.3879093198992443,0.24111675126903556,0.19985673352435532,0.0,1.0,0.0,0
98,0.5104166666666667,0.4683544303797469,0.11061946902654868,0.2619331742243437,0.2732997481108312,0.25380710659898476,0.15329512893982808,0.0,1.0,0.0,0
99,0.53125,0.4683544303797469,0.10176991150442478,0.25984486873508356,0.23110831234256926,0.25380710659898476,0.19914040114613182,0.0,1.0,0.0,0
100,0.5416666666666667,0.4810126582278481,0.11061946902654868,0.3171241050119332,0.36020151133501255,0.28680203045685276,0.17621776504297992,0.0,1.0,0.0,0
101,0.5520833333333335,0.4683544303797469,0.11946902654867259,0.274164677804296,0.24937027707808565,0.3032994923857868,0.18624641833810887,0.0,1.0,0.0,0
102,0.5520833333333335,0.4683544303797469,0.11061946902654868,0.28311455847255373,0.3230478589420654,0.29441624365482233,0.2005730659025788,0.0,1.0,0.0,0
103,0.5625000000000002,0.5063291139240508,0.10619469026548672,0.3150357995226731,0.33438287153652385,0.3197969543147208,0.16260744985673353,0.0,1.0,0.0,0
104,0.5729166666666667,0.5189873417721519,0.11061946902654868,0.3204057279236277,0.31171284634760704,0.2880710659898477,0.2335243553008596,0.0,1.0,0.0,0
105,0.6145833333333335,0.5569620253164557,0.11946902654867259,0.4382458233890215,0.49811083123425687,0.4365482233502538,0.21203438395415472,1.0,0.0,0.0,0
106,0.6145833333333335,0.5949367088607594,0.13274336283185842,0.45346062052505975,0.457808564231738,0.4606598984771574,0.28080229226361036,1.0,0.0,0.0,0
107,0.635416666666667,0.6329113924050632,0.1415929203539823,0.48717183770883055,0.4892947103274558,0.5177664974619289,0.2786532951289399,0.0,0.0,1.0,0
108,0.635416666666667,0.6202531645569621,0.13716814159292037,0.33442720763723155,0.3835012594458438,0.41370558375634514,0.31232091690544417,1.0,0.0,0.0,0
109,0.635416666666667,0.5569620253164557,0.12831858407079647,0.4606205250596659,0.5018891687657431,0.44416243654822335,0.25501432664756446,0.0,0.0,1.0,0
110,0.65625,0.6202531645569621,0.13274336283185842,0.4027446300715991,0.3916876574307305,0.37182741116751267,0.28223495702005735,0.0,1.0,0.0,0
111,0.6770833333333333,0.6582278481012659,0.13274336283185842,0.6169451073985681,0.5604534005037783,0.5126903553299493,0.340974212034384,0.0,0.0,1.0,0
112,0.6770833333333333,0.6455696202531646,0.12831858407079647,0.5504176610978521,0.6492443324937028,0.467005076142132,0.2901146131805158,0.0,0.0,1.0,0
113,0.6979166666666667,0.6962025316455694,0.13274336283185842,0.5462410501193319,0.5661209068010076,0.5545685279187818,0.30515759312320917,0.0,0.0,1.0,0
114,0.71875,0.6582278481012659,0.1504424778761062,0.6631861575178999,0.8369017632241813,0.5736040609137056,0.30515759312320917,0.0,0.0,1.0,0
115,0.71875,0.6835443037974683,0.13274336283185842,0.6100835322195705,0.6473551637279596,0.6307106598984772,0.3194842406876791,1.0,0.0,0.0,0
116,0.7395833333333335,0.7341772151898734,0.1415929203539823,0.5575775656324583,0.6297229219143576,0.5038071065989848,0.30730659025787965,0.0,0.0,1.0,0
117,0.7604166666666667,0.6962025316455694,0.11946902654867259,0.5605608591885443,0.6297229219143576,0.4746192893401015,0.31590257879656164,0.0,0.0,1.0,0
118,0.7604166666666667,0.6455696202531646,0.1769911504424779,0.464200477326969,0.49999999999999994,0.35279187817258884,0.30587392550143266,0.0,0.0,1.0,0
119,0.7604166666666667,0.7215189873417721,0.1415929203539823,0.6160501193317424,0.6700251889168766,0.5862944162436549,0.36389684813753587,1.0,0.0,0.0,0
120,0.7708333333333335,0.7215189873417721,0.16371681415929204,0.6721360381861575,0.6996221662468514,0.7017766497461929,0.37106017191977075,0.0,0.0,1.0,0
121,0.8541666666666667,0.8354430379746837,0.1415929203539823,0.7655131264916468,0.7525188916876574,0.6738578680203047,0.44842406876790836,0.0,0.0,1.0,0
122,0.96875,0.9367088607594934,0.12831858407079647,0.6605011933174225,0.8306045340050376,0.4593908629441624,0.34598853868194845,0.0,0.0,1.0,0
123,0.19791666666666663,0.15189873417721522,0.07964601769911504,0.0587708830548926,0.06801007556675062,0.04314720812182741,0.036532951289398284,0.0,1.0,0.0,0
124,0.25,0.21518987341772156,0.07079646017699115,0.07309069212410503,0.06423173803526447,0.08756345177664976,0.05444126074498568,0.0,1.0,0.0,0
125,0.26041666666666674,0.189873417721519,0.07079646017699115,0.07786396181384249,0.06926952141057932,0.07233502538071068,0.06160458452722064,0.0,1.0,0.0,0
126,0.27083333333333337,0.21518987341772156,0.0752212389380531,0.08204057279236278,0.08249370277078086,0.06218274111675127,0.05730659025787966,0.0,1.0,0.0,0
127,0.29166666666666674,0.2784810126582278,0.09292035398230089,0.12171837708830548,0.10327455919395467,0.11675126903553301,0.09670487106017192,0.0,1.0,0.0,0
128,0.29166666666666674,0.2531645569620252,0.084070796460177,0.1148568019093079,0.10516372795969772,0.12436548223350255,0.0830945558739255,0.0,1.0,0.0,0
129,0.36458333333333337,0.3670886075949368,0.0,0.20763723150358,0.22040302267002518,0.18401015228426396,0.12607449856733524,0.0,1.0,0.0,0
130,0.36458333333333337,0.30379746835443033,0.084070796460177,0.1778042959427208,0.18073047858942062,0.16878172588832488,0.11103151862464183,0.0,1.0,0.0,0
131,0.41666666666666674,0.3797468354430379,0.09292035398230089,0.1912291169451074,0.1668765743073048,0.15736040609137056,0.14183381088825214,0.0,1.0,0.0,0
132,0.41666666666666674,0.430379746835443,0.10176991150442478,0.20912887828162297,0.19206549118387908,0.2398477157360406,0.13968481375358166,1.0,0.0,0.0,0
133,0.41666666666666674,0.3417721518987342,0.08849557522123895,0.17422434367541767,0.4112090680100755,0.16243654822335027,0.11891117478510027,0.0,1.0,0.0,0
134,0.4270833333333335,0.430379746835443,0.11061946902654868,0.23776849642004777,0.2197732997481108,0.23096446700507614,0.163323782234957,1.0,0.0,0.0,0
135,0.44791666666666663,0.430379746835443,0.08849557522123895,0.19749403341288785,0.18073047858942062,0.18274111675126906,0.15472779369627507,0.0,1.0,0.0,0
136,0.44791666666666663,0.40506329113924044,0.1592920353982301,0.23866348448687352,0.21914357682619642,0.2322335025380711,0.17693409742120342,0.0,1.0,0.0,0
137,0.44791666666666663,0.40506329113924044,0.10619469026548672,0.18675417661097854,0.17065491183879095,0.1903553299492386,0.12607449856733524,0.0,1.0,0.0,0
138,0.45833333333333337,0.40506329113924044,0.08849557522123895,0.2526849642004773,0.2795969773299748,0.1967005076142132,0.16189111747851004,0.0,1.0,0.0,0
139,0.45833333333333337,0.4683544303797469,0.10619469026548672,0.2153937947494034,0.18513853904282113,0.1903553299492386,0.17693409742120342,0.0,1.0,0.0,0
140,0.45833333333333337,0.41772151898734167,0.09734513274336283,0.24582338902147977,0.2260705289672544,0.24492385786802032,0.17621776504297992,0.0,1.0,0.0,0
141,0.46875,0.40506329113924044,0.10176991150442478,0.23418854415274465,0.22040302267002518,0.25,0.1504297994269341,0.0,1.0,0.0,0
142,0.46875,0.430379746835443,0.08849557522123895,0.22732696897374705,0.2380352644836272,0.17766497461928937,0.15472779369627507,0.0,1.0,0.0,0
143,0.5,0.40506329113924044,0.10619469026548672,0.24850835322195708,0.22984886649874056,0.23096446700507614,0.17550143266475643,0.0,1.0,0.0,0
144,0.5,0.5063291139240508,0.10619469026548672,0.282219570405728,0.24244332493702772,0.3147208121827411,0.2005730659025788,0.0,0.0,1.0,0
145,0.5208333333333335,0.5316455696202532,0.11504424778761063,0.3111575178997614,0.3400503778337531,0.24492385786802032,0.21919770773638966,0.0,1.0,0.0,0
146,0.5208333333333335,0.5063291139240508,0.09292035398230089,0.28102625298329365,0.2726700251889168,0.22715736040609139,0.20630372492836677,0.0,1.0,0.0,0
147,0.5833333333333335,0.5569620253164557,0.13274336283185842,0.2962410501193318,0.4130982367758186,0.3083756345177665,0.28366762177650434,0.0,1.0,0.0,0
148,0.6041666666666667,0.6075949367088608,0.11946902654867259,0.4125894988066826,0.4288413098236775,0.3413705583756345,0.2865329512893983,0.0,1.0,0.0,0
149,0.6041666666666667,0.5316455696202532,0.11946902654867259,0.30698090692124114,0.3003778337531486,0.266497461928934,0.22636103151862466,0.0,1.0,0.0,0
150,0.6458333333333333,0.6455696202531646,0.12831858407079647,0.45912887828162297,0.4911838790931989,0.3934010152284264,0.28366762177650434,1.0,0.0,0.0,0
151,0.6458333333333333,0.6329113924050632,0.13274336283185842,0.4272076372315037,0.41813602015113344,0.43274111675126903,0.27507163323782235,0.0,0.0,1.0,0
152,0.6770833333333333,0.6329113924050632,0.13274336283185842,0.464200477326969,0.4641057934508816,0.3616751269035533,0.3237822349570201,1.0,0.0,0.0,0
153,0.6875,0.6455696202531646,0.1592920353982301,0.42929594272076377,0.3835012594458438,0.4365482233502538,0.3008595988538682,0.0,0.0,1.0,0
154,0.3125000000000001,0.2911392405063291,0.084070796460177,0.15662291169451076,0.18513853904282113,0.12817258883248733,0.083810888252149,0.0,1.0,0.0,0
155,0.38541666666666674,0.31645569620253167,0.10619469026548672,0.22464200477326973,0.2670025188916876,0.19923857868020306,0.10816618911174783,0.0,0.0,1.0,0
156,0.4270833333333335,0.40506329113924044,0.09734513274336283,0.21241050119331745,0.20906801007556675,0.20939086294416245,0.14040114613180515,0.0,1.0,0.0,0
157,0.45833333333333337,0.4430379746835442,0.11061946902654868,0.33949880668257765,0.3973551637279596,0.31091370558375636,0.164756446991404,0.0,0.0,1.0,0
158,0.47916666666666674,0.49367088607594944,0.0752212389380531,0.33621718377088305,0.3312342569269521,0.22715736040609139,0.24498567335243557,0.0,0.0,1.0,0
159,0.5416666666666667,0.5063291139240508,0.11061946902654868,0.28400954653937954,0.29974811083123426,0.20939086294416245,0.20487106017191978,0.0,1.0,0.0,0
160,0.5520833333333335,0.5189873417721519,0.11061946902654868,0.2857995226730311,0.2802267002518891,0.3185279187817259,0.17478510028653294,0.0,0.0,1.0,0
161,0.5625000000000002,0.5189873417721519,0.12389380530973453,0.3821599045346063,0.424433249370277,0.33375634517766495,0.2098853868194842,0.0,0.0,1.0,0
162,0.5729166666666667,0.5189873417721519,0.11061946902654868,0.40423627684964203,0.4615869017632242,0.348984771573604,0.21203438395415472,0.0,0.0,1.0,0
163,0.635416666666667,0.5949367088607594,0.13274336283185842,0.4740453460620526,0.5308564231738035,0.3743654822335025,0.27650429799426934,1.0,0.0,0.0,0
164,0.65625,0.6329113924050632,0.13274336283185842,0.5414677804295944,0.595088161209068,0.4911167512690355,0.3180515759312321,0.0,0.0,1.0,0
165,0.6666666666666667,0.6708860759493672,0.14601769911504425,0.4985083532219571,0.4647355163727959,0.5913705583756346,0.3030085959885387,0.0,0.0,1.0,0
166,0.6875,0.6582278481012659,0.13274336283185842,0.49284009546539387,0.47607052896725427,0.5494923857868022,0.29584527220630374,0.0,0.0,1.0,0
167,0.6979166666666667,0.6202531645569621,0.13274336283185842,0.4728520286396183,0.4477329974811083,0.5114213197969544,0.31232091690544417,0.0,0.0,1.0,0
168,0.6979166666666667,0.6708860759493672,0.12831858407079647,0.5432577565632459,0.5308564231738035,0.5253807106598986,0.35530085959885394,1.0,0.0,0.0,0
169,0.71875,0.6582278481012659,0.13716814159292037,0.516109785202864,0.5100755667506297,0.49492385786802023,0.3194842406876791,0.0,0.0,1.0,0
170,0.75,0.7088607594936708,0.11504424778761063,0.4549522673031027,0.4049118387909319,0.4517766497461929,0.3209169054441261,0.0,1.0,0.0,0
171,0.7604166666666667,0.6075949367088608,0.13716814159292037,0.5560859188544154,0.5610831234256927,0.5647208121827412,0.35530085959885394,1.0,0.0,0.0,0
172,0.7916666666666667,0.7974683544303799,0.16371681415929204,0.7326968973747018,0.6454659949622167,0.7728426395939086,0.501432664756447,0.0,0.0,1.0,0
173,0.8229166666666667,0.7341772151898734,0.12389380530973453,0.6533412887828164,0.5585642317380353,0.5837563451776651,0.2693409742120344,0.0,0.0,1.0,0
174,0.21875,0.189873417721519,0.084070796460177,0.07159904534606207,0.05226700251889168,0.10786802030456855,0.048710601719197714,0.0,1.0,0.0,0
175,0.27083333333333337,0.240506329113924,0.07964601769911504,0.09337708830548926,0.08627204030226701,0.0939086294416244,0.07020057306590258,0.0,1.0,0.0,0
176,0.27083333333333337,0.26582278481012656,0.07964601769911504,0.1360381861575179,0.15239294710327456,0.10786802030456855,0.08094555873925502,0.0,1.0,0.0,0
177,0.32291666666666663,0.26582278481012656,0.07964601769911504,0.13365155131264916,0.12279596977329973,0.14593908629441624,0.09813753581661891,0.0,1.0,0.0,0
178,0.35416666666666674,0.3291139240506329,0.09734513274336283,0.14140811455847258,0.13035264483627204,0.08756345177664976,0.09025787965616044,0.0,1.0,0.0,0
179,0.4062500000000001,0.3670886075949368,0.084070796460177,0.14588305489260145,0.13476070528967254,0.12817258883248733,0.11174785100286533,0.0,1.0,0.0,0
180,0.44791666666666663,0.40506329113924044,0.11061946902654868,0.25000000000000006,0.22481108312342565,0.21573604060913706,0.1833810888252149,0.0,1.0,0.0,0
181,0.45833333333333337,0.41772151898734167,0.11061946902654868,0.24492840095465396,0.2185138539042821,0.2969543147208122,0.14040114613180515,0.0,1.0,0.0,0
182,0.46875,0.4430379746835442,0.10619469026548672,0.27207637231503584,0.27644836272040296,0.2550761421319797,0.17621776504297992,0.0,1.0,0.0,0
183,0.46875,0.40506329113924044,0.1415929203539823,0.2291169451073986,0.23866498740554157,0.2347715736040609,0.3037249283667622,0.0,0.0,1.0,0
184,0.4895833333333335,0.45569620253164556,0.10176991150442478,0.22762529832935569,0.21725440806045335,0.20558375634517767,0.16618911174785098,0.0,1.0,0.0,0
185,0.4895833333333335,0.5189873417721519,0.11946902654867259,0.324582338902148,0.34256926952141054,0.2918781725888325,0.2034383954154728,0.0,1.0,0.0,0
186,0.5,0.4430379746835442,0.11061946902654868,0.23359188544152748,0.22166246851385388,0.1967005076142132,0.17621776504297992,0.0,1.0,0.0,0
187,0.5,0.5189873417721519,0.09292035398230089,0.31145584725536996,0.27581863979848864,0.28680203045685276,0.2335243553008596,0.0,1.0,0.0,0
188,0.5104166666666667,0.5189873417721519,0.10619469026548672,0.31980906921241053,0.2890428211586901,0.32868020304568524,0.23853868194842406,0.0,1.0,0.0,0
189,0.5104166666666667,0.49367088607594944,0.10619469026548672,0.3075775656324583,0.26952141057934503,0.33883248730964466,0.20916905444126072,0.0,1.0,0.0,0
190,0.5416666666666667,0.5063291139240508,0.11061946902654868,0.34815035799522676,0.3633501259445843,0.3210659898477158,0.20487106017191978,0.0,1.0,0.0,0
191,0.5416666666666667,0.49367088607594944,0.11061946902654868,0.2926610978520287,0.26007556675062965,0.28680203045685276,0.22636103151862466,0.0,1.0,0.0,0
192,0.5625000000000002,0.5569620253164557,0.12831858407079647,0.4564439140811456,0.4042821158690176,0.3807106598984772,0.37320916905444124,0.0,0.0,1.0,0
193,0.5625000000000002,0.4683544303797469,0.11946902654867259,0.31921241050119337,0.2890428211586901,0.3692893401015228,0.21203438395415472,0.0,1.0,0.0,0
194,0.5937500000000002,0.5822784810126581,0.11946902654867259,0.36157517899761343,0.39798488664987397,0.3578680203045685,0.2664756446991404,0.0,1.0,0.0,0
195,0.6041666666666667,0.45569620253164556,0.10619469026548672,0.27625298329355613,0.25944584382871533,0.25888324873096447,0.20845272206303722,0.0,1.0,0.0,0
196,0.6041666666666667,0.569620253164557,0.11061946902654868,0.3800715990453461,0.4112090680100755,0.25,0.27650429799426934,0.0,1.0,0.0,0
197,0.6145833333333335,0.5569620253164557,0.12831858407079647,0.41855608591885446,0.4301007556675062,0.37182741116751267,0.2786532951289399,0.0,1.0,0.0,0
198,0.6145833333333335,0.5822784810126581,0.13274336283185842,0.4096062052505967,0.38727959697732994,0.41243654822335024,0.26217765042979946,0.0,1.0,0.0,0
199,0.6250000000000002,0.6075949367088608,0.12389380530973453,0.40871121718377096,0.45717884130982367,0.34644670050761417,0.25644699140401145,0.0,1.0,0.0,0
200,0.65625,0.6455696202531646,0.11946902654867259,0.4179594272076373,0.3816120906801007,0.4352791878172589,0.26217765042979946,1.0,0.0,0.0,0
201,0.6666666666666667,0.6582278481012659,0.14601769911504425,0.46957040572792363,0.43450881612090675,0.42385786802030456,0.34527220630372496,0.0,0.0,1.0,0
202,0.6666666666666667,0.6835443037974683,0.17256637168141595,0.546837708830549,0.48551637279596965,0.5926395939086295,0.6346704871060171,1.0,0.0,0.0,0
203,0.6770833333333333,0.6075949367088608,0.13274336283185842,0.4498806682577566,0.4993702770780856,0.350253807106599,0.2908309455587393,1.0,0.0,0.0,0
204,0.7083333333333333,0.6075949367088608,0.13274336283185842,0.48926014319809075,0.4861460957178841,0.39720812182741116,0.340974212034384,1.0,0.0,0.0,0
205,0.7083333333333333,0.6708860759493672,0.13274336283185842,0.44958233890214805,0.4351385390428211,0.45431472081218277,0.2979942693409742,0.0,1.0,0.0,0
206,0.71875,0.6708860759493672,0.13716814159292037,0.5331145584725537,0.49811083123425687,0.4847715736040609,0.39111747851002865,1.0,0.0,0.0,0
207,0.71875,0.7215189873417721,0.1504424778761062,0.4997016706443914,0.4389168765743073,0.5304568527918783,0.37679083094555876,0.0,1.0,0.0,0
208,0.7291666666666667,0.7088607594936708,0.12831858407079647,0.47971360381861583,0.44332493702770776,0.44923857868020306,0.34813753581661894,0.0,0.0,1.0,0
209,0.7291666666666667,0.7215189873417721,0.12389380530973453,0.5435560859188545,0.5566750629722922,0.5609137055837563,0.30515759312320917,1.0,0.0,0.0,0
210,0.78125,0.7721518987341772,0.1592920353982301,0.6661694510739857,0.6076826196473551,0.5558375634517767,0.5336676217765043,1.0,0.0,0.0,0
211,0.3750000000000001,0.26582278481012656,0.10619469026548672,0.3081742243436755,0.2865239294710327,0.3185279187817259,0.1969914040114613,0.0,1.0,0.0,0
212,0.41666666666666674,0.3291139240506329,0.11946902654867259,0.441527446300716,0.4647355163727959,0.401015228426396,0.26361031518624645,0.0,1.0,0.0,0
213,0.41666666666666674,0.3797468354430379,0.09734513274336283,0.2112171837708831,0.2210327455919395,0.18274111675126906,0.13538681948424067,0.0,1.0,0.0,0
214,0.47916666666666674,0.430379746835443,0.09292035398230089,0.26282816229116945,0.20591939546599497,0.2779187817258883,0.22206303724928364,0.0,1.0,0.0,0
215,0.4895833333333335,0.40506329113924044,0.1415929203539823,0.47702863961813846,0.39924433249370267,0.5114213197969544,0.3660458452722063,1.0,0.0,0.0,0
216,0.5416666666666667,0.5063291139240508,0.11946902654867259,0.5531026252983293,0.5547858942065491,0.5989847715736041,0.3223495702005731,0.0,0.0,1.0,0
217,0.5729166666666667,0.5443037974683543,0.12389380530973453,0.40244630071599047,0.4005037783375314,0.401015228426396,0.26289398280802295,0.0,0.0,1.0,0
218,0.5833333333333335,0.5822784810126581,0.11946902654867259,0.4122911694510741,0.43450881612090675,0.4263959390862944,0.21848137535816617,1.0,0.0,0.0,0
219,0.6875,0.6455696202531646,0.13274336283185842,0.4841885441527447,0.46095717884130977,0.482233502538071,0.3237822349570201,0.0,1.0,0.0,0
220,0.8020833333333335,0.7088607594936708,0.12389380530973453,0.592183770883055,0.5768261964735516,0.5482233502538072,0.4054441260744986,1.0,0.0,0.0,0
221,0.2812500000000001,0.2911392405063291,0.09292035398230089,0.11127684964200478,0.10957178841309823,0.09898477157360408,0.07736389684813755,0.0,1.0,0.0,0
222,0.33333333333333337,0.2911392405063291,0.084070796460177,0.13782816229116945,0.10201511335012595,0.12436548223350255,0.12607449856733524,0.0,1.0,0.0,0
223,0.36458333333333337,0.3670886075949368,0.08849557522123895,0.15542959427207642,0.13602015113350127,0.13451776649746194,0.13323782234957018,0.0,1.0,0.0,0
224,0.3750000000000001,0.3417721518987342,0.09292035398230089,0.15214797136038188,0.15680100755667506,0.10659898477157362,0.11174785100286533,0.0,1.0,0.0,0
225,0.47916666666666674,0.41772151898734167,0.10619469026548672,0.25984486873508356,0.27078085642317373,0.22588832487309643,0.17191977077363896,0.0,1.0,0.0,0
226,0.5,0.4683544303797469,0.11946902654867259,0.25626491646778043,0.22040302267002518,0.2614213197969543,0.19770773638968483,0.0,1.0,0.0,0
227,0.5,0.45569620253164556,0.12389380530973453,0.2470167064439141,0.18828715365239293,0.21319796954314724,0.2349570200573066,0.0,1.0,0.0,0
228,0.5208333333333335,0.5189873417721519,0.12831858407079647,0.3726133651551313,0.3809823677581864,0.32741116751269034,0.25787965616045844,0.0,1.0,0.0,0
229,0.5520833333333335,0.5443037974683543,0.09734513274336283,0.2616348448687351,0.23299748110831234,0.19796954314720813,0.22492836676217762,0.0,1.0,0.0,0
230,0.5625000000000002,0.5316455696202532,0.12831858407079647,0.36784009546539387,0.34382871536523923,0.3553299492385787,0.26217765042979946,0.0,1.0,0.0,0
231,0.5729166666666667,0.5949367088607594,0.12389380530973453,0.3562052505966588,0.3356423173803526,0.21065989847715738,0.2908309455587393,0.0,1.0,0.0,0
232,0.6250000000000002,0.5443037974683543,0.11061946902654868,0.3096658711217184,0.2556675062972292,0.3375634517766497,0.23925501432664756,0.0,0.0,1.0,0
233,0.7395833333333335,0.7215189873417721,0.12389380530973453,0.5674224343675418,0.5113350125944585,0.6294416243654823,0.34813753581661894,0.0,0.0,1.0,0
234,0.7395833333333335,0.6708860759493672,0.13716814159292037,0.5232696897374702,0.4962216624685138,0.467005076142132,0.340974212034384,1.0,0.0,0.0,0
235,0.33333333333333337,0.3291139240506329,0.09734513274336283,0.1408114558472554,0.13476070528967254,0.16751269035532995,0.09383954154727794,0.0,1.0,0.0,0
236,0.4062500000000001,0.3417721518987342,0.09292035398230089,0.2479116945107399,0.28463476070528965,0.1738578680203046,0.14613180515759314,0.0,0.0,1.0,0
237,0.45833333333333337,0.430379746835443,0.10619469026548672,0.2616348448687351,0.2978589420654912,0.24365482233502542,0.15687679083094558,0.0,1.0,0.0,0
238,0.13541666666666674,0.15189873417721522,0.0752212389380531,0.05638424821002387,0.05100755667506295,0.04949238578680203,0.042979942693409746,0.0,1.0,0.0,0
239,0.14583333333333337,0.11392405063291133,0.06194690265486726,0.042959427207637235,0.03148614609571788,0.04314720812182741,0.03868194842406877,0.0,1.0,0.0,0
240,0.27083333333333337,0.21518987341772156,0.08849557522123895,0.11664677804295946,0.12468513853904281,0.12055837563451777,0.06518624641833812,0.0,1.0,0.0,0
241,0.3125000000000001,0.2911392405063291,0.07964601769911504,0.13842482100238662,0.1341309823677582,0.11802030456852791,0.08595988538681948,0.0,1.0,0.0,0
242,0.39583333333333337,0.31645569620253167,0.10619469026548672,0.1778042959427208,0.15176322418136018,0.17512690355329952,0.13323782234957018,0.0,1.0,0.0,0
243,0.4062500000000001,0.3924050632911391,0.11504424778761063,0.23001193317422441,0.22166246851385388,0.23096446700507614,0.15472779369627507,0.0,0.0,1.0,0
244,0.4270833333333335,0.3797468354430379,0.10619469026548672,0.24671837708830552,0.2670025188916876,0.2639593908629441,0.1504297994269341,0.0,0.0,1.0,0
245,0.46875,0.3924050632911391,0.11946902654867259,0.2783412887828163,0.3047858942065491,0.21827411167512692,0.1876790830945559,0.0,1.0,0.0,0
246,0.47916666666666674,0.49367088607594944,0.11946902654867259,0.3204057279236277,0.27518891687657426,0.3071065989847716,0.19555873925501432,0.0,0.0,1.0,0
247,0.5104166666666667,0.4683544303797469,0.12389380530973453,0.3314439140811456,0.3091939546599496,0.32868020304568524,0.21704871060171918,1.0,0.0,0.0,0
248,0.5625000000000002,0.4810126582278481,0.08849557522123895,0.2574582338902148,0.2701511335012594,0.22081218274111677,0.16977077363896848,0.0,0.0,1.0,0
249,0.5833333333333335,0.569620253164557,0.11061946902654868,0.39260143198090697,0.40743073047858935,0.4467005076142132,0.21848137535816617,0.0,0.0,1.0,0
250,0.5833333333333335,0.569620253164557,0.11504424778761063,0.3693317422434368,0.35390428211586894,0.3629441624365482,0.252865329512894,1.0,0.0,0.0,0
251,0.6770833333333333,0.6455696202531646,0.10619469026548672,0.4704653937947495,0.4867758186397984,0.34010152284263956,0.33452722063037255,0.0,0.0,1.0,0
252,0.7395833333333335,0.5949367088607594,0.12389380530973453,0.4946300715990455,0.5119647355163728,0.47335025380710666,0.27650429799426934,1.0,0.0,0.0,0
253,0.7395833333333335,0.7215189873417721,0.14601769911504425,0.6942124105011934,0.6624685138539043,0.6446700507614214,0.4942693409742121,0.0,0.0,1.0,0
254,0.8229166666666667,0.7721518987341772,0.12389380530973453,0.6909307875894989,0.7367758186397986,0.5634517766497462,0.41977077363896853,0.0,0.0,1.0,0
255,0.5208333333333335,0.49367088607594944,0.10176991150442478,0.34606205250596667,0.34382871536523923,0.36040609137055835,0.21203438395415472,1.0,0.0,0.0,0
256,0.44791666666666663,0.3924050632911391,0.08849557522123895,0.2371718377088306,0.1977329974811083,0.1903553299492386,0.21203438395415472,0.0,0.0,1.0,0
257,0.5625000000000002,0.5316455696202532,0.11504424778761063,0.3809665871121719,0.371536523929471,0.467005076142132,0.21203438395415472,0.0,0.0,1.0,0
258,0.46875,0.4683544303797469,0.10619469026548672,0.3150357995226731,0.30100755667506296,0.3223350253807107,0.22636103151862466,1.0,0.0,0.0,0
259,0.44791666666666663,0.45569620253164556,0.10176991150442478,0.20674224343675418,0.17254408060453402,0.15736040609137056,0.17621776504297992,0.0,0.0,1.0,0
260,0.38541666666666674,0.3417721518987342,0.10176991150442478,0.1912291169451074,0.14042821158690175,0.25253807106598986,0.13323782234957018,1.0,0.0,0.0,0
261,0.33333333333333337,0.2911392405063291,0.07964601769911504,0.14588305489260145,0.12468513853904281,0.15228426395939088,0.12607449856733524,0.0,0.0,1.0,0
262,0.3020833333333335,0.26582278481012656,0.10176991150442478,0.1327565632458234,0.12846347607052896,0.08375634517766498,0.09527220630372493,1.0,0.0,0.0,0
263,0.36458333333333337,0.3291139240506329,0.10619469026548672,0.21778042959427213,0.1681360201511335,0.21827411167512692,0.1833810888252149,1.0,0.0,0.0,0
264,0.5833333333333335,0.6708860759493672,0.12831858407079647,0.4221360381861576,0.3879093198992443,0.4746192893401015,0.24785100286532954,1.0,0.0,0.0,0
265,0.4270833333333335,0.35443037974683544,0.09734513274336283,0.2171837708830549,0.24370277078085642,0.1548223350253807,0.11891117478510027,0.0,1.0,0.0,0
266,0.4270833333333335,0.41772151898734167,0.10176991150442478,0.2359785202863962,0.22544080604534003,0.2322335025380711,0.19054441260744986,1.0,0.0,0.0,0
267,0.5520833333333335,0.4683544303797469,0.11946902654867259,0.2998210023866349,0.27581863979848864,0.3629441624365482,0.21203438395415472,0.0,0.0,1.0,0
268,0.36458333333333337,0.35443037974683544,0.10176991150442478,0.19451073985680195,0.16939546599496222,0.20304568527918784,0.15472779369627507,0.0,0.0,1.0,0
269,0.45833333333333337,0.41772151898734167,0.10619469026548672,0.2971360381861575,0.31612090680100746,0.27030456852791873,0.20487106017191978,0.0,0.0,1.0,0
270,0.5,0.4810126582278481,0.11061946902654868,0.3013126491646778,0.3073047858942065,0.27918781725888325,0.19770773638968483,0.0,1.0,0.0,0
271,0.125,0.11392405063291133,0.06194690265486726,0.03400954653937949,0.02896725440806045,0.045685279187817264,0.018624641833810893,0.0,1.0,0.0,0
272,0.29166666666666674,0.3291139240506329,0.09292035398230089,0.13484486873508356,0.10012594458438287,0.15228426395939088,0.09742120343839542,0.0,1.0,0.0,0
273,0.34375,0.3291139240506329,0.10176991150442478,0.16348448687350836,0.16498740554156172,0.12817258883248733,0.11174785100286533,0.0,1.0,0.0,0
274,0.36458333333333337,0.3670886075949368,0.09734513274336283,0.18019093078758952,0.15428211586901763,0.20812182741116753,0.11747851002865328,1.0,0.0,0.0,0
275,0.8020833333333335,0.7721518987341772,0.13274336283185842,0.5909904534606206,0.4275818639798488,0.652284263959391,0.47707736389684813,1.0,0.0,0.0,0
276,0.14583333333333337,0.012658227848101222,0.07079646017699115,0.01163484486873509,0.01007556675062972,0.02284263959390863,0.007163323782234957,0.0,1.0,0.0,0
277,0.38541666666666674,0.3291139240506329,0.07079646017699115,0.19868735083532219,0.14168765743073045,0.22335025380710663,0.14756446991404013,0.0,0.0,1.0,0
278,0.23958333333333337,0.20253164556962033,0.07079646017699115,0.08770883054892602,0.07745591939546598,0.12436548223350255,0.06160458452722064,1.0,0.0,0.0,0
279,0.44791666666666663,0.40506329113924044,0.1592920353982301,0.2153937947494034,0.15239294710327456,0.2614213197969543,0.15472779369627507,1.0,0.0,0.0,0
280,0.20833333333333337,0.16455696202531644,0.07964601769911504,0.06712410501193318,0.057304785894206546,0.06218274111675127,0.05444126074498568,0.0,1.0,0.0,0
281,0.34375,0.2911392405063291,0.08849557522123895,0.12321002386634845,0.10516372795969772,0.15228426395939088,0.0830945558739255,0.0,1.0,0.0,0
282,0.4375000000000001,0.45569620253164556,0.09734513274336283,0.2505966587112172,0.22481108312342565,0.25253807106598986,0.17693409742120342,0.0,0.0,1.0,0
283,0.4375000000000001,0.3924050632911391,0.11946902654867259,0.32607398568019097,0.2865239294710327,0.33248730964467,0.21203438395415472,1.0,0.0,0.0,0
284,0.44791666666666663,0.4430379746835442,0.09734513274336283,0.2837112171837709,0.27518891687657426,0.25761421319796957,0.19484240687679083,0.0,1.0,0.0,0
285,0.44791666666666663,0.45569620253164556,0.10619469026548672,0.3111575178997614,0.30856423173803527,0.33502538071065985,0.15472779369627507,1.0,0.0,0.0,0
286,0.5104166666666667,0.5189873417721519,0.11504424778761063,0.4125894988066826,0.42632241813602006,0.37182741116751267,0.26361031518624645,0.0,0.0,1.0,0
287,0.71875,0.7721518987341772,0.13716814159292037,0.7470167064439143,0.7455919395465995,0.6852791878172588,0.46275071633237824,1.0,0.0,0.0,0
288,0.4062500000000001,0.3924050632911391,0.10619469026548672,0.23150357995226734,0.21284634760705293,0.23604060913705585,0.1511461318051576,0.0,1.0,0.0,0
289,0.45833333333333337,0.40506329113924044,0.09292035398230089,0.23150357995226734,0.21347607052896725,0.24873096446700507,0.13323782234957018,0.0,1.0,0.0,0
290,0.5625000000000002,0.5822784810126581,0.11061946902654868,0.4367541766109786,0.4685138539042821,0.3984771573604061,0.24068767908309455,0.0,0.0,1.0,0
291,0.5729166666666667,0.5316455696202532,0.13274336283185842,0.4826968973747018,0.4710327455919395,0.5431472081218275,0.2693409742120344,1.0,0.0,0.0,0
292,0.6145833333333335,0.5822784810126581,0.11061946902654868,0.5274463007159905,0.649874055415617,0.3692893401015228,0.2693409742120344,1.0,0.0,0.0,0
293,0.65625,0.6075949367088608,0.12389380530973453,0.4644988066825777,0.45214105793450876,0.46319796954314724,0.2901146131805158,1.0,0.0,0.0,0
294,0.6770833333333333,0.6329113924050632,0.12831858407079647,0.4821002386634845,0.4767002518891687,0.4263959390862944,0.30873925501432664,1.0,0.0,0.0,0
295,0.6875,0.6455696202531646,0.1415929203539823,0.4919451073985681,0.47040302267002515,0.5279187817258884,0.29584527220630374,1.0,0.0,0.0,0
296,0.71875,0.6708860759493672,0.12831858407079647,0.5086515513126493,0.4622166246851385,0.535532994923858,0.31661891117478513,1.0,0.0,0.0,0
297,0.71875,0.6708860759493672,0.13274336283185842,0.6891408114558474,0.7191435768261965,0.6611675126903555,0.37679083094555876,1.0,0.0,0.0,0
298,0.7395833333333335,0.7215189873417721,0.13274336283185842,0.6381264916467781,0.6706549118387909,0.6611675126903555,0.339541547277937,0.0,0.0,1.0,0
299,0.75,0.6962025316455694,0.13716814159292037,0.6682577565632459,0.6007556675062972,0.7779187817258884,0.37965616045845274,0.0,0.0,1.0,0
300,0.7708333333333335,0.7468354430379746,0.15486725663716813,0.6130668257756564,0.5251889168765743,0.5152284263959391,0.4763610315186247,1.0,0.0,0.0,0
301,0.78125,0.7215189873417721,0.14601769911504425,0.7195704057279237,0.7210327455919395,0.6535532994923858,0.46275071633237824,0.0,0.0,1.0,0
302,0.90625,0.8734177215189874,0.16371681415929204,0.9725536992840097,0.933249370277078,0.9441624365482234,0.580945558739255,0.0,0.0,1.0,0
303,0.33333333333333337,0.30379746835443033,0.08849557522123895,0.1697494033412888,0.1826196473551637,0.16751269035532995,0.09742120343839542,0.0,1.0,0.0,0
304,0.47916666666666674,0.45569620253164556,0.11504424778761063,0.28251789976133657,0.29534005037783373,0.25,0.18624641833810887,0.0,1.0,0.0,0
305,0.4895833333333335,0.45569620253164556,0.11061946902654868,0.2771479713603819,0.31171284634760704,0.25761421319796957,0.14756446991404013,0.0,1.0,0.0,0
306,0.4895833333333335,0.4683544303797469,0.09734513274336283,0.2828162291169452,0.3299748110831234,0.22081218274111677,0.17621776504297992,0.0,0.0,1.0,0
307,0.53125,0.5063291139240508,0.13716814159292037,0.274164677804296,0.27078085642317373,0.24111675126903556,0.2005730659025788,0.0,1.0,0.0,0
308,0.53125,0.4810126582278481,0.13274336283185842,0.3251789976133652,0.35012594458438284,0.26776649746192893,0.20845272206303722,0.0,1.0,0.0,0
309,0.6145833333333335,0.569620253164557,0.11504424778761063,0.33174224343675424,0.3306045340050377,0.3312182741116751,0.21275071633237821,0.0,1.0,0.0,0
310,0.6145833333333335,0.6202531645569621,0.11946902654867259,0.45554892601431984,0.5069269521410579,0.4720812182741117,0.22636103151862466,1.0,0.0,0.0,0
311,0.6250000000000002,0.5822784810126581,0.11504424778761063,0.3389021479713604,0.3173803526448362,0.3032994923857868,0.26289398280802295,0.0,1.0,0.0,0
312,0.6666666666666667,0.7215189873417721,0.13274336283185842,0.48747016706443924,0.4937027707808564,0.44923857868020306,0.31661891117478513,1.0,0.0,0.0,0
313,0.6770833333333333,0.6582278481012659,0.11504424778761063,0.4606205250596659,0.4767002518891687,0.4035532994923857,0.28366762177650434,0.0,0.0,1.0,0
314,0.6875,0.6075949367088608,0.12389380530973453,0.36724343675417664,0.3488664987405541,0.29314720812182743,0.28295128939828085,1.0,0.0,0.0,0
315,0.6979166666666667,0.6962025316455694,0.13274336283185842,0.4659904534606206,0.48047858942065486,0.3819796954314721,0.3180515759312321,0.0,0.0,1.0,0
316,0.6979166666666667,0.6708860759493672,0.1415929203539823,0.5557875894988068,0.5207808564231738,0.6294416243654823,0.32879656160458454,1.0,0.0,0.0,0
317,0.7083333333333333,0.6835443037974683,0.13274336283185842,0.6088902147971361,0.6423173803526449,0.3870558375634518,0.340974212034384,1.0,0.0,0.0,0
318,0.78125,0.6835443037974683,0.13274336283185842,0.565035799522673,0.6366498740554156,0.4428934010152284,0.2134670487106017,0.0,0.0,1.0,0
319,0.25,0.240506329113924,0.12389380530973453,0.13126491646778043,0.13664987405541562,0.12436548223350255,0.07951289398280803,0.0,1.0,0.0,0
320,0.29166666666666674,0.31645569620253167,0.08849557522123895,0.1357398568019093,0.14798488664987405,0.10152284263959391,0.09025787965616044,0.0,1.0,0.0,0
321,0.32291666666666663,0.30379746835443033,0.08849557522123895,0.13126491646778043,0.11649874055415615,0.11167512690355333,0.10458452722063039,0.0,1.0,0.0,0
322,0.32291666666666663,0.3291139240506329,0.09734513274336283,0.14677804295942726,0.12720403022670027,0.15609137055837563,0.10601719197707737,0.0,1.0,0.0,0
323,0.34375,0.3291139240506329,0.10176991150442478,0.13961813842482101,0.12342569269521411,0.1269035532994924,0.10458452722063039,0.0,1.0,0.0,0
324,0.34375,0.30379746835443033,0.09734513274336283,0.1924224343675418,0.19395465994962216,0.17639593908629445,0.10673352435530087,0.0,1.0,0.0,0
325,0.4062500000000001,0.3291139240506329,0.10176991150442478,0.20912887828162297,0.24181360201511334,0.16497461928934012,0.12679083094555874,0.0,0.0,1.0,0
326,0.41666666666666674,0.3670886075949368,0.10176991150442478,0.24224343675417664,0.2890428211586901,0.1319796954314721,0.1497134670487106,0.0,1.0,0.0,0
327,0.4270833333333335,0.3924050632911391,0.08849557522123895,0.2332935560859189,0.2777078085642317,0.16116751269035534,0.13753581661891118,0.0,1.0,0.0,0
328,0.4270833333333335,0.3797468354430379,0.09292035398230089,0.19988066825775658,0.19584382871536524,0.1865482233502538,0.11891117478510027,0.0,1.0,0.0,0
329,0.47916666666666674,0.4683544303797469,0.11061946902654868,0.2634248210023867,0.2392947103274559,0.2652284263959391,0.19054441260744986,0.0,1.0,0.0,0
330,0.47916666666666674,0.430379746835443,0.12389380530973453,0.2192720763723151,0.198992443324937,0.200507614213198,0.2915472779369628,0.0,1.0,0.0,0
331,0.53125,0.4810126582278481,0.12831858407079647,0.4096062052505967,0.4622166246851385,0.3210659898477158,0.21991404011461316,0.0,1.0,0.0,0
332,0.5416666666666667,0.49367088607594944,0.09734513274336283,0.26909307875894994,0.2644836272040302,0.21446700507614216,0.19269340974212035,0.0,1.0,0.0,0
333,0.5625000000000002,0.4810126582278481,0.11504424778761063,0.3144391408114559,0.2569269521410579,0.282994923857868,0.24068767908309455,0.0,1.0,0.0,0
334,0.5625000000000002,0.5189873417721519,0.11504424778761063,0.3368138424821003,0.3948362720403022,0.2918781725888325,0.24785100286532954,0.0,1.0,0.0,0
335,0.6041666666666667,0.6202531645569621,0.13274336283185842,0.517601431980907,0.4212846347607052,0.5723350253807107,0.35530085959885394,1.0,0.0,0.0,0
336,0.6250000000000002,0.6329113924050632,0.15486725663716813,0.6363365155131266,0.6542821158690176,0.5850253807106599,0.3603151862464184,1.0,0.0,0.0,0
337,0.6875,0.6582278481012659,0.11504424778761063,0.4746420047732697,0.47795969773299735,0.4898477157360405,0.28366762177650434,1.0,0.0,0.0,0
338,0.71875,0.7215189873417721,0.07964601769911504,0.5787589498806683,0.5358942065491185,0.6472081218274113,0.3624641833810889,0.0,0.0,1.0,0
339,0.21875,0.189873417721519,0.07964601769911504,0.09069212410501194,0.1114609571788413,0.07614213197969544,0.04154727793696276,0.0,1.0,0.0,0
340,0.5,0.45569620253164556,0.10619469026548672,0.30369928400954654,0.3476070528967254,0.27411167512690354,0.16260744985673353,0.0,1.0,0.0,0
341,0.65625,0.5822784810126581,0.11504424778761063,0.4188544152744631,0.42569269521410574,0.40862944162436543,0.24283667621776503,1.0,0.0,0.0,0
342,0.65625,0.569620253164557,0.12389380530973453,0.4740453460620526,0.484256926952141,0.38451776649746194,0.3194842406876791,0.0,0.0,1.0,0
343,0.6770833333333333,0.6329113924050632,0.11946902654867259,0.5190930787589499,0.5698992443324937,0.4276649746192893,0.29441260744985676,1.0,0.0,0.0,0
344,0.7708333333333335,0.7721518987341772,0.11504424778761063,0.5978520286396183,0.6889168765743073,0.4847715736040609,0.3194842406876791,0.0,0.0,1.0,0
345,0.8125000000000002,0.7468354430379746,0.1415929203539823,0.6348448687350836,0.5919395465994961,0.699238578680203,0.41833810888252154,1.0,0.0,0.0,0
346,0.3020833333333335,0.30379746835443033,0.07964601769911504,0.14588305489260145,0.15050377833753148,0.15101522842639595,0.08739255014326647,0.0,1.0,0.0,0
347,0.4375000000000001,0.3924050632911391,0.09734513274336283,0.19600238663484487,0.1681360201511335,0.22461928934010153,0.1489971346704871,1.0,0.0,0.0,0
348,0.44791666666666663,0.4810126582278481,0.11504424778761063,0.3025059665871122,0.2928211586901763,0.2626903553299492,0.2106017191977077,0.0,1.0,0.0,0
349,0.45833333333333337,0.45569620253164556,0.09734513274336283,0.2470167064439141,0.2260705289672544,0.24238578680203046,0.1826647564469914,0.0,1.0,0.0,0
350,0.5,0.45569620253164556,0.10619469026548672,0.3186157517899762,0.3198992443324936,0.31218274111675126,0.19197707736389685,0.0,1.0,0.0,0
351,0.5104166666666667,0.4430379746835442,0.10619469026548672,0.2771479713603819,0.27392947103274556,0.23604060913705585,0.17908309455587393,0.0,1.0,0.0,0
352,0.5208333333333335,0.5189873417721519,0.11061946902654868,0.28669451073985686,0.2443324937027708,0.32994923857868014,0.20487106017191978,0.0,1.0,0.0,0
353,0.5208333333333335,0.430379746835443,0.10176991150442478,0.2631264916467781,0.27518891687657426,0.20939086294416245,0.17621776504297992,0.0,0.0,1.0,0
354,0.53125,0.5189873417721519,0.11061946902654868,0.3063842482100239,0.2613350125944584,0.2956852791878173,0.25358166189111747,0.0,1.0,0.0,0
355,0.5520833333333335,0.5189873417721519,0.09734513274336283,0.30847255369928406,0.3299748110831234,0.25888324873096447,0.19054441260744986,0.0,1.0,0.0,0
356,0.5520833333333335,0.6835443037974683,0.13274336283185842,0.5193914081145585,0.5346347607052897,0.47081218274111675,0.32664756446991405,0.0,0.0,1.0,0
357,0.5729166666666667,0.4683544303797469,0.11061946902654868,0.31980906921241053,0.3280856423173803,0.25253807106598986,0.22636103151862466,0.0,1.0,0.0,0
358,0.5833333333333335,0.6329113924050632,0.11061946902654868,0.4728520286396183,0.48551637279596965,0.47081218274111675,0.30515759312320917,1.0,0.0,0.0,0
359,0.6041666666666667,0.5949367088607594,0.11504424778761063,0.4054295942720764,0.4112090680100755,0.35406091370558374,0.25573065902578795,0.0,1.0,0.0,0
360,0.6145833333333335,0.6075949367088608,0.14601769911504425,0.43198090692124114,0.38853904282115864,0.4581218274111675,0.3108882521489972,0.0,1.0,0.0,0
361,0.6145833333333335,0.5822784810126581,0.11504424778761063,0.3484486873508354,0.29974811083123426,0.37944162436548223,0.26217765042979946,0.0,1.0,0.0,0
362,0.635416666666667,0.5949367088607594,0.11504424778761063,0.3866348448687351,0.38287153652392947,0.32994923857868014,0.27292263610315187,0.0,1.0,0.0,0
363,0.6666666666666667,0.5822784810126581,0.13274336283185842,0.47523866348448696,0.533375314861461,0.4225888324873096,0.2879656160458453,1.0,0.0,0.0,0
364,0.6770833333333333,0.6835443037974683,0.13274336283185842,0.49313842482100245,0.4275818639798488,0.46446700507614214,0.37679083094555876,0.0,0.0,1.0,0
365,0.7916666666666667,0.7721518987341772,0.168141592920354,0.7219570405727925,0.7071788413098237,0.7385786802030457,0.4656160458452722,1.0,0.0,0.0,0
366,0.36458333333333337,0.3797468354430379,0.10176991150442478,0.20853221957040574,0.2273299748110831,0.2398477157360406,0.11747851002865328,0.0,1.0,0.0,0
367,0.47916666666666674,0.430379746835443,0.13716814159292037,0.5662291169451075,0.4937027707808564,0.5456852791878173,0.40974212034383956,0.0,0.0,1.0,0
368,0.4895833333333335,0.40506329113924044,0.13716814159292037,0.5375894988066826,0.5459697732997482,0.4771573604060914,0.3202005730659026,0.0,0.0,1.0,0
369,0.5208333333333335,0.4683544303797469,0.11504424778761063,0.36575178997613367,0.45277078085642314,0.26903553299492383,0.17836676217765043,1.0,0.0,0.0,0
370,0.5625000000000002,0.5443037974683543,0.11946902654867259,0.42392601431980914,0.4722921914357681,0.46827411167512695,0.2148997134670487,1.0,0.0,0.0,0
371,0.5833333333333335,0.5189873417721519,0.11946902654867259,0.4146778042959428,0.42380352644836267,0.4936548223350254,0.25573065902578795,0.0,1.0,0.0,0
372,0.7083333333333333,0.7341772151898734,0.13274336283185842,0.5987470167064439,0.6284634760705289,0.552030456852792,0.3567335243553009,0.0,0.0,1.0,0
373,0.7083333333333333,0.5949367088607594,0.14601769911504425,0.5396778042959428,0.5302267002518892,0.4911167512690355,0.35171919770773646,0.0,1.0,0.0,0
374,0.25,0.22784810126582267,0.07964601769911504,0.09367541766109787,0.09382871536523929,0.06598984771573604,0.07593123209169056,0.0,1.0,0.0,0
375,0.2812500000000001,0.21518987341772156,0.07964601769911504,0.0805489260143198,0.06675062972292192,0.05203045685279189,0.07449856733524357,0.0,1.0,0.0,0
376,0.3750000000000001,0.3291139240506329,0.09292035398230089,0.15214797136038188,0.13161209068010077,0.1307106598984772,0.12607449856733524,0.0,1.0,0.0,0
377,0.4062500000000001,0.3417721518987342,0.10176991150442478,0.17004773269689738,0.13664987405541562,0.17512690355329952,0.13968481375358166,0.0,1.0,0.0,0
378,0.4062500000000001,0.3670886075949368,0.11061946902654868,0.19361575178997614,0.1756926952141058,0.14340101522842644,0.15401146131805157,0.0,1.0,0.0,0
379,0.4270833333333335,0.4430379746835442,0.09734513274336283,0.18884248210023868,0.14735516372795968,0.18274111675126906,0.16977077363896848,0.0,1.0,0.0,0
380,0.5,0.45569620253164556,0.10176991150442478,0.2547732696897375,0.2638539042821158,0.22715736040609139,0.17621776504297992,0.0,1.0,0.0,0
381,0.5104166666666667,0.4683544303797469,0.11946902654867259,0.26760143198090697,0.24496221662468512,0.2779187817258883,0.26074498567335247,0.0,1.0,0.0,0
382,0.5625000000000002,0.5189873417721519,0.09734513274336283,0.32667064439140814,0.3400503778337531,0.28553299492385786,0.21919770773638966,0.0,1.0,0.0,0
383,0.5833333333333335,0.5443037974683543,0.10619469026548672,0.36008353221957046,0.35390428211586894,0.38578680203045684,0.18911174785100288,0.0,0.0,1.0,0
384,0.6666666666666667,0.5949367088607594,0.11504424778761063,0.39528639618138434,0.32493702770780847,0.4746192893401015,0.27650429799426934,0.0,1.0,0.0,0
385,0.6979166666666667,0.6962025316455694,0.12831858407079647,0.5334128878281623,0.5308564231738035,0.5647208121827412,0.3753581661891117,0.0,1.0,0.0,0
386,0.35416666666666674,0.31645569620253167,0.0752212389380531,0.10859188544152747,0.1158690176322418,0.13578680203045687,0.06518624641833812,0.0,1.0,0.0,0
387,0.41666666666666674,0.3924050632911391,0.09734513274336283,0.22553699284009554,0.21221662468513855,0.24746192893401017,0.14828080229226362,0.0,0.0,1.0,0
388,0.6145833333333335,0.5949367088607594,0.13274336283185842,0.3430787589498807,0.29219143576826195,0.27538071065989844,0.2779369627507164,1.0,0.0,0.0,0
389,0.71875,0.6835443037974683,0.1592920353982301,0.6640811455847256,0.6083123425692695,0.7652284263959391,0.39899713467048714,0.0,0.0,1.0,0
390,0.29166666666666674,0.26582278481012656,0.10619469026548672,0.13096658711217185,0.11964735516372796,0.13832487309644673,0.08954154727793695,0.0,1.0,0.0,0
391,0.32291666666666663,0.3291139240506329,0.09292035398230089,0.16766109785202865,0.1624685138539043,0.13451776649746194,0.10888252148997132,0.0,1.0,0.0,0
392,0.44791666666666663,0.41772151898734167,0.08849557522123895,0.2329952267303103,0.16624685138539042,0.1916243654822335,0.15974212034383956,1.0,0.0,0.0,0
393,0.53125,0.5569620253164557,0.12831858407079647,0.4003579952267304,0.37531486146095716,0.4314720812182741,0.25214899713467054,0.0,0.0,1.0,0
394,0.635416666666667,0.569620253164557,0.13274336283185842,0.4746420047732697,0.5144836272040302,0.46446700507614214,0.29297994269340977,0.0,0.0,1.0,0
395,0.4270833333333335,0.41772151898734167,0.11061946902654868,0.2786396181384249,0.23299748110831234,0.24619289340101527,0.2335243553008596,0.0,0.0,1.0,0
396,0.26041666666666674,0.26582278481012656,0.08849557522123895,0.10173031026252984,0.09382871536523929,0.10152284263959391,0.07234957020057306,0.0,0.0,1.0,0
397,0.03125000000000011,0.0,0.06194690265486726,0.013126491646778038,0.01700251889168765,0.0,0.010028653295128948,0.0,1.0,0.0,0
398,0.53125,0.4810126582278481,0.11946902654867259,0.3293556085918855,0.31549118387909314,0.33375634517766495,0.20487106017191978,1.0,0.0,0.0,0
399,0.08333333333333337,0.050632911392405,0.06637168141592921,0.021479713603818618,0.006926952141057929,0.04060913705583757,0.018624641833810893,0.0,1.0,0.0,0
400,0.5520833333333335,0.5569620253164557,0.15486725663716813,0.4015513126491647,0.28526448362720397,0.399746192893401,0.32664756446991405,0.0,0.0,1.0,0
401,0.1875,0.22784810126582267,0.08849557522123895,0.0850238663484487,0.06926952141057932,0.11294416243654823,0.06876790830945559,0.0,1.0,0.0,0
402,0.41666666666666674,0.45569620253164556,0.11061946902654868,0.2702863961813843,0.2537783375314861,0.2347715736040609,0.22636103151862466,0.0,1.0,0.0,0
403,0.2812500000000001,0.26582278481012656,0.09292035398230089,0.1068019093078759,0.08060453400503778,0.06218274111675127,0.0830945558739255,0.0,1.0,0.0,0
404,0.45833333333333337,0.430379746835443,0.12389380530973453,0.2234486873508354,0.1756926952141058,0.2652284263959391,0.1876790830945559,0.0,1.0,0.0,0
405,0.25,0.22784810126582267,0.08849557522123895,0.09486873508353223,0.09256926952141056,0.10659898477157362,0.06160458452722064,0.0,1.0,0.0,0
406,0.16666666666666674,0.15189873417721522,0.06637168141592921,0.04982100238663485,0.03778337531486146,0.053299492385786816,0.042979942693409746,0.0,0.0,1.0,0
407,0.08333333333333337,0.03797468354430378,0.07079646017699115,0.01193317422434368,0.008186397984886642,0.0317258883248731,0.005730659025787968,0.0,1.0,0.0,0
408,0.4270833333333335,0.3924050632911391,0.10176991150442478,0.21479713603818618,0.1996221662468514,0.22588832487309643,0.14756446991404013,1.0,0.0,0.0,0
409,0.19791666666666663,0.21518987341772156,0.06637168141592921,0.06921241050119332,0.06360201511335012,0.06725888324873097,0.05300859598853868,0.0,1.0,0.0,0
410,0.46875,0.40506329113924044,0.10176991150442478,0.29743436754176616,0.27518891687657426,0.2347715736040609,0.22492836676217762,0.0,1.0,0.0,0
411,0.6770833333333333,0.7215189873417721,0.1592920353982301,0.6977923627684965,0.5831234256926952,0.651015228426396,0.4928366762177651,1.0,0.0,0.0,0
412,0.6979166666666667,0.6962025316455694,0.11946902654867259,0.6494630071599047,0.6391687657430731,0.6738578680203047,0.3624641833810889,0.0,0.0,1.0,0
413,0.29166666666666674,0.26582278481012656,0.07964601769911504,0.1187350835322196,0.12909319899244334,0.09010152284263961,0.06876790830945559,0.0,1.0,0.0,0
414,0.38541666666666674,0.3924050632911391,0.11061946902654868,0.22434367541766115,0.22481108312342565,0.20812182741116753,0.1489971346704871,0.0,1.0,0.0,0
415,0.46875,0.4430379746835442,0.11504424778761063,0.3359188544152745,0.39987405541561705,0.25888324873096447,0.15472779369627507,0.0,0.0,1.0,0
416,0.5,0.5189873417721519,0.12831858407079647,0.2971360381861575,0.2808564231738035,0.2969543147208122,0.1969914040114613,0.0,1.0,0.0,0
417,0.5104166666666667,0.4810126582278481,0.09734513274336283,0.30787589498806683,0.3400503778337531,0.22969543147208124,0.1776504297994269,0.0,1.0,0.0,0
418,0.5208333333333335,0.49367088607594944,0.10619469026548672,0.29385441527446304,0.2821158690176322,0.3020304568527919,0.17048710601719197,1.0,0.0,0.0,0
419,0.6145833333333335,0.6202531645569621,0.13716814159292037,0.4985083532219571,0.41939546599496214,0.4606598984771574,0.3194842406876791,0.0,0.0,1.0,0
420,0.6250000000000002,0.6202531645569621,0.12831858407079647,0.4782219570405728,0.5018891687657431,0.467005076142132,0.2700573065902579,1.0,0.0,0.0,0
421,0.6250000000000002,0.569620253164557,0.09734513274336283,0.5077565632458235,0.5201511335012594,0.399746192893401,0.28366762177650434,1.0,0.0,0.0,0
422,0.6666666666666667,0.6708860759493672,0.14601769911504425,0.5877088305489261,0.5881612090680101,0.5101522842639594,0.3646131805157593,1.0,0.0,0.0,0
423,0.7395833333333335,0.6962025316455694,0.1415929203539823,0.5933770883054893,0.5806045340050378,0.5647208121827412,0.37679083094555876,1.0,0.0,0.0,0
424,0.75,0.7848101265822786,0.168141592920354,0.7893794749403342,0.8060453400503778,0.7081218274111675,0.48424068767908307,0.0,0.0,1.0,0
425,0.4062500000000001,0.3670886075949368,0.09292035398230089,0.21390214797136042,0.22481108312342565,0.200507614213198,0.13323782234957018,0.0,1.0,0.0,0
426,0.5208333333333335,0.7088607594936708,0.1415929203539823,0.6178400954653939,0.6013853904282116,0.5723350253807107,0.40042979942693413,1.0,0.0,0.0,0
427,0.53125,0.5316455696202532,0.11504424778761063,0.3096658711217184,0.3463476070528967,0.25888324873096447,0.17406876790830944,0.0,1.0,0.0,0
428,0.5520833333333335,0.4683544303797469,0.11504424778761063,0.27118138424821003,0.25944584382871533,0.27538071065989844,0.1812320916905444,0.0,1.0,0.0,0
429,0.6145833333333335,0.6202531645569621,0.1415929203539823,0.5399761336515514,0.5453400503778337,0.47588832487309646,0.34813753581661894,0.0,0.0,1.0,0
430,0.6250000000000002,0.6202531645569621,0.12831858407079647,0.45942720763723155,0.48488664987405533,0.3934010152284264,0.2908309455587393,0.0,0.0,1.0,0
431,0.6250000000000002,0.6202531645569621,0.13274336283185842,0.4522673031026253,0.4836272040302266,0.3362944162436548,0.2908309455587393,0.0,0.0,1.0,0
432,0.635416666666667,0.5569620253164557,0.11504424778761063,0.40662291169451076,0.42569269521410574,0.39720812182741116,0.24140401146131804,0.0,0.0,1.0,0
433,0.6666666666666667,0.6202531645569621,0.12831858407079647,0.47136038186157525,0.45717884130982367,0.5228426395939086,0.28366762177650434,0.0,0.0,1.0,0
434,0.71875,0.5443037974683543,0.12831858407079647,0.5125298329355609,0.5239294710327456,0.46319796954314724,0.34527220630372496,0.0,0.0,1.0,0
435,0.35416666666666674,0.3291139240506329,0.09734513274336283,0.19391408114558478,0.17380352644836272,0.19923857868020306,0.11389684813753581,0.0,1.0,0.0,0
436,0.3750000000000001,0.3670886075949368,0.10619469026548672,0.1885441527446301,0.18387909319899243,0.17131979695431473,0.14040114613180515,0.0,1.0,0.0,0
437,0.39583333333333337,0.40506329113924044,0.084070796460177,0.16795942720763724,0.13853904282115867,0.16497461928934012,0.13323782234957018,0.0,1.0,0.0,0
438,0.41666666666666674,0.6075949367088608,0.09734513274336283,0.20674224343675418,0.20591939546599497,0.19416243654822335,0.13395415472779368,0.0,1.0,0.0,0
439,0.4270833333333335,0.3670886075949368,0.07964601769911504,0.1813842482100239,0.18639798488664985,0.13832487309644673,0.11891117478510027,0.0,1.0,0.0,0
440,0.45833333333333337,0.41772151898734167,0.11946902654867259,0.21211217183770886,0.20717884130982367,0.200507614213198,0.14040114613180515,0.0,1.0,0.0,0
441,0.5625000000000002,0.49367088607594944,0.09292035398230089,0.2905727923627685,0.32241813602015107,0.2385786802030457,0.19054441260744986,0.0,1.0,0.0,0
442,0.5729166666666667,0.569620253164557,0.11504424778761063,0.3448687350835323,0.33312342569269515,0.2817258883248731,0.24498567335243557,0.0,1.0,0.0,0
443,0.5833333333333335,0.5569620253164557,0.11946902654867259,0.4176610978520287,0.35894206549118385,0.39467005076142136,0.3001432664756447,0.0,0.0,1.0,0
444,0.5937500000000002,0.5443037974683543,0.11946902654867259,0.37142004773269693,0.35075566750629716,0.4149746192893401,0.24785100286532954,0.0,1.0,0.0,0
445,0.65625,0.569620253164557,0.1415929203539823,0.4818019093078759,0.5037783375314862,0.4517766497461929,0.28080229226361036,1.0,0.0,0.0,0
446,0.6666666666666667,0.6582278481012659,0.13716814159292037,0.4728520286396183,0.39987405541561705,0.49746192893401014,0.36962750716332377,0.0,1.0,0.0,0
447,0.71875,0.6962025316455694,0.13274336283185842,0.5059665871121719,0.49244332493702764,0.4302030456852792,0.35530085959885394,0.0,0.0,1.0,0
448,0.8333333333333335,0.848101265822785,0.14601769911504425,0.7180787589498808,0.6945843828715365,0.2842639593908629,0.5343839541547278,1.0,0.0,0.0,0
449,0.23958333333333337,0.22784810126582267,0.084070796460177,0.08711217183770885,0.10327455919395467,0.09644670050761422,0.058022922636103154,0.0,1.0,0.0,0
450,0.41666666666666674,0.4430379746835442,0.09734513274336283,0.2589498806682578,0.260705289672544,0.27918781725888325,0.14183381088825214,0.0,1.0,0.0,0
451,0.5,0.45569620253164556,0.10176991150442478,0.2956443914081146,0.35075566750629716,0.2563451776649746,0.16117478510028654,0.0,1.0,0.0,0
452,0.5416666666666667,0.49367088607594944,0.12389380530973453,0.356801909307876,0.3897984886649874,0.3020304568527919,0.1318051575931232,0.0,0.0,1.0,0
453,0.8333333333333335,0.6582278481012659,0.1504424778761062,0.7130071599045347,0.6945843828715365,0.734771573604061,0.43839541547277944,1.0,0.0,0.0,0
454,0.2812500000000001,0.240506329113924,0.07964601769911504,0.11605011933174227,0.13035264483627204,0.08121827411167512,0.07306590257879655,0.0,1.0,0.0,0
455,0.38541666666666674,0.3670886075949368,0.09292035398230089,0.1575178997613365,0.11523929471032746,0.17131979695431473,0.14040114613180515,0.0,1.0,0.0,0
456,0.38541666666666674,0.31645569620253167,0.084070796460177,0.147673031026253,0.1486146095717884,0.11548223350253808,0.10458452722063039,0.0,1.0,0.0,0
457,0.4375000000000001,0.40506329113924044,0.10619469026548672,0.24910501193317425,0.25944584382871533,0.21700507614213202,0.16189111747851004,0.0,1.0,0.0,0
458,0.44791666666666663,0.3797468354430379,0.10619469026548672,0.17213603818615753,0.15239294710327456,0.1218274111675127,0.14040114613180515,0.0,1.0,0.0,0
459,0.47916666666666674,0.430379746835443,0.11061946902654868,0.2064439140811456,0.16561712846347607,0.21065989847715738,0.1776504297994269,0.0,1.0,0.0,0
460,0.5520833333333335,0.5569620253164557,0.12389380530973453,0.33323389021479716,0.3312342569269521,0.3223350253807107,0.20630372492836677,0.0,1.0,0.0,0
461,0.6145833333333335,0.6455696202531646,0.12389380530973453,0.4015513126491647,0.3942065491183878,0.3020304568527919,0.30515759312320917,0.0,1.0,0.0,0
462,0.6666666666666667,0.6202531645569621,0.13274336283185842,0.5387828162291171,0.5724181360201511,0.5114213197969544,0.3037249283667622,0.0,1.0,0.0,0
463,0.6979166666666667,0.6835443037974683,0.11946902654867259,0.5426610978520288,0.4937027707808564,0.47081218274111675,0.3624641833810889,0.0,0.0,1.0,0
464,0.5104166666666667,0.5063291139240508,0.12831858407079647,0.42153937947494036,0.37846347607052894,0.4263959390862944,0.31303724928366766,0.0,1.0,0.0,0
465,0.3750000000000001,0.45569620253164556,0.09734513274336283,0.20017899761336516,0.17443324937027707,0.15862944162436549,0.16905444126074498,0.0,1.0,0.0,0
466,0.45833333333333337,0.40506329113924044,0.11946902654867259,0.2371718377088306,0.23047858942065488,0.19416243654822335,0.16690544412607447,0.0,1.0,0.0,0
467,0.47916666666666674,0.4430379746835442,0.12389380530973453,0.2544749403341289,0.2657430730478589,0.18908629441624367,0.17120343839541546,0.0,1.0,0.0,0
468,0.53125,0.5063291139240508,0.09292035398230089,0.28192124105011934,0.25503778337531485,0.2880710659898477,0.19770773638968483,0.0,1.0,0.0,0
469,0.5729166666666667,0.5063291139240508,0.10176991150442478,0.23568019093078763,0.21536523929471033,0.22208121827411173,0.17335243553008595,0.0,1.0,0.0,0
470,0.6770833333333333,0.6455696202531646,0.13716814159292037,0.4460023866348449,0.3646095717884131,0.467005076142132,0.3116045845272207,0.0,0.0,1.0,0
471,0.78125,0.7088607594936708,0.13274336283185842,0.5918854415274464,0.5056675062972292,0.7208121827411168,0.41260744985673353,1.0,0.0,0.0,0
472,0.35416666666666674,0.2911392405063291,0.084070796460177,0.16139618138424822,0.16750629722921914,0.14593908629441624,0.10458452722063039,0.0,1.0,0.0,0
473,0.4062500000000001,0.430379746835443,0.10176991150442478,0.303400954653938,0.3608312342569269,0.2728426395939086,0.1511461318051576,1.0,0.0,0.0,0
474,0.5520833333333335,0.45569620253164556,0.11946902654867259,0.2729713603818616,0.23866498740554157,0.2626903553299492,0.20487106017191978,1.0,0.0,0.0,0
475,0.5625000000000002,0.5189873417721519,0.11061946902654868,0.28967780429594275,0.2670025188916876,0.26776649746192893,0.21203438395415472,0.0,1.0,0.0,0
476,0.4270833333333335,0.3670886075949368,0.08849557522123895,0.18257756563245825,0.18765743073047858,0.18781725888324874,0.0995702005730659,0.0,1.0,0.0,0
477,0.4375000000000001,0.40506329113924044,0.10619469026548672,0.2693914081145585,0.30352644836272036,0.2119289340101523,0.16117478510028654,0.0,0.0,1.0,0
478,0.45833333333333337,0.4810126582278481,0.10619469026548672,0.28758949880668266,0.32430730478589415,0.19543147208121828,0.18051575931232092,0.0,0.0,1.0,0
479,0.65625,0.6455696202531646,0.12389380530973453,0.5056682577565633,0.5610831234256927,0.3730964467005076,0.3216332378223496,0.0,0.0,1.0,0
480,0.16666666666666674,0.1392405063291139,0.084070796460177,0.0626491646778043,0.060453400503778336,0.09137055837563454,0.040114613180515755,0.0,1.0,0.0,0
481,0.32291666666666663,0.35443037974683544,0.10176991150442478,0.21509546539379476,0.1996221662468514,0.18147208121827413,0.15472779369627507,0.0,0.0,1.0,0
482,0.38541666666666674,0.3670886075949368,0.11946902654867259,0.18943914081145585,0.1498740554156171,0.20558375634517767,0.15472779369627507,1.0,0.0,0.0,0
483,0.08333333333333337,0.08860759493670889,0.0752212389380531,0.026849642004773272,0.013224181360201509,0.038071065989847726,0.02292263610315186,0.0,0.0,1.0,0
484,0.44791666666666663,0.3924050632911391,0.10176991150442478,0.2428400954653938,0.20654911838790932,0.2880710659898477,0.1833810888252149,1.0,0.0,0.0,0
485,0.4375000000000001,0.40506329113924044,0.10619469026548672,0.29862768496420056,0.28148614609571787,0.19796954314720813,0.22492836676217762,0.0,1.0,0.0,0
486,0.33333333333333337,0.30379746835443033,0.10619469026548672,0.19182577565632464,0.21095717884130985,0.1865482233502538,0.10028653295128939,0.0,0.0,1.0,0
487,0.34375,0.31645569620253167,0.10176991150442478,0.19630071599045346,0.21914357682619642,0.20304568527918784,0.11174785100286533,0.0,1.0,0.0,0
488,0.47916666666666674,0.49367088607594944,0.10619469026548672,0.3096658711217184,0.27644836272040296,0.3071065989847716,0.2034383954154728,0.0,0.0,1.0,0
489,0.6458333333333333,0.6582278481012659,0.13274336283185842,0.5366945107398569,0.5195214105793451,0.48604060913705577,0.35530085959885394,0.0,0.0,1.0,0
490,0.8541666666666667,0.810126582278481,0.14601769911504425,0.7789379474940334,0.7424433249370277,0.7322335025380711,0.45487106017191975,0.0,0.0,1.0,0
491,0.47916666666666674,0.45569620253164556,0.11061946902654868,0.28758949880668266,0.27581863979848864,0.3071065989847716,0.17979942693409742,0.0,1.0,0.0,0
492,0.53125,0.49367088607594944,0.11061946902654868,0.30847255369928406,0.329345088161209,0.28680203045685276,0.1840974212034384,0.0,1.0,0.0,0
493,0.7395833333333335,0.7468354430379746,0.1415929203539823,0.636038186157518,0.7122166246851385,0.5901015228426396,0.340974212034384,0.0,0.0,1.0,0
494,0.7604166666666667,0.6835443037974683,0.12389380530973453,0.5554892601431981,0.5636020151133501,0.5710659898477157,0.32664756446991405,1.0,0.0,0.0,0
495,0.7708333333333335,0.7848101265822786,0.15486725663716813,0.6270883054892602,0.6435768261964735,0.5406091370558377,0.4240687679083095,0.0,0.0,1.0,0
496,0.34375,0.2911392405063291,0.08849557522123895,0.11963007159904539,0.10201511335012595,0.1218274111675127,0.09383954154727794,0.0,1.0,0.0,0
497,0.38541666666666674,0.3291139240506329,0.09734513274336283,0.24850835322195708,0.28526448362720397,0.26903553299492383,0.1153295128939828,0.0,1.0,0.0,0
498,0.47916666666666674,0.430379746835443,0.07964601769911504,0.340692124105012,0.35894206549118385,0.30076142131979694,0.21919770773638966,0.0,1.0,0.0,0
499,0.5937500000000002,0.569620253164557,0.12389380530973453,0.39379474940334136,0.4130982367758186,0.3692893401015228,0.24570200573065906,0.0,1.0,0.0,0
500,0.6770833333333333,0.6708860759493672,0.11946902654867259,0.5047732696897376,0.4672544080604533,0.4936548223350254,0.35530085959885394,1.0,0.0,0.0,0
501,0.5416666666666667,0.49367088607594944,0.10619469026548672,0.31772076372315045,0.34068010075566746,0.31218274111675126,0.1640401146131805,0.0,0.0,1.0,0
502,0.6041666666666667,0.5316455696202532,0.11504424778761063,0.3448687350835323,0.37216624685138533,0.33248730964467,0.2106017191977077,0.0,1.0,0.0,0
503,0.41666666666666674,0.35443037974683544,0.09292035398230089,0.19421241050119337,0.18073047858942062,0.19923857868020306,0.1310888252148997,0.0,1.0,0.0,0
504,0.47916666666666674,0.45569620253164556,0.09734513274336283,0.2291169451073986,0.21410579345088163,0.19416243654822335,0.17478510028653294,0.0,1.0,0.0,0
505,0.5520833333333335,0.5189873417721519,0.12389380530973453,0.32338902147971366,0.31045340050377834,0.33502538071065985,0.2034383954154728,0.0,1.0,0.0,0
506,0.6041666666666667,0.6455696202531646,0.13274336283185842,0.4179594272076373,0.4382871536523929,0.37817258883248733,0.2707736389684814,0.0,0.0,1.0,0
507,0.6041666666666667,0.5949367088607594,0.12389380530973453,0.41288782816229125,0.32430730478589415,0.4479695431472081,0.33595988538681953,0.0,1.0,0.0,0
508,0.6145833333333335,0.4810126582278481,0.11504424778761063,0.3863365155131266,0.3923173803526448,0.37817258883248733,0.2335243553008596,0.0,0.0,1.0,0
509,0.6250000000000002,0.5949367088607594,0.11061946902654868,0.3702267303102626,0.3879093198992443,0.3096446700507614,0.26146131805157596,0.0,1.0,0.0,0
510,0.6979166666666667,0.6455696202531646,0.13716814159292037,0.4737470167064439,0.42506297229219137,0.5076142131979696,0.30515759312320917,0.0,0.0,1.0,0
511,0.46875,0.430379746835443,0.11504424778761063,0.2687947494033413,0.2632241813602015,0.2880710659898477,0.16045845272206305,0.0,0.0,1.0,0
512,0.5416666666666667,0.5189873417721519,0.12389380530973453,0.3797732696897375,0.4005037783375314,0.37055837563451777,0.21704871060171918,0.0,1.0,0.0,0
513,0.635416666666667,0.569620253164557,0.12389380530973453,0.45167064439140814,0.4817380352644835,0.5088832487309645,0.24785100286532954,0.0,1.0,0.0,0
514,0.4270833333333335,0.430379746835443,0.09734513274336283,0.22046539379474944,0.181360201511335,0.22461928934010153,0.17621776504297992,0.0,1.0,0.0,0
515,0.4895833333333335,0.45569620253164556,0.10176991150442478,0.2846062052505967,0.2468513853904282,0.30456852791878175,0.2141833810888252,0.0,1.0,0.0,0
516,0.5104166666666667,0.4810126582278481,0.10619469026548672,0.2601431980906922,0.2084382871536524,0.2969543147208122,0.19770773638968483,0.0,1.0,0.0,0
517,0.6250000000000002,0.6075949367088608,0.12831858407079647,0.501491646778043,0.4691435768261964,0.5431472081218275,0.32664756446991405,0.0,0.0,1.0,0
518,0.36458333333333337,0.30379746835443033,0.10176991150442478,0.1813842482100239,0.1977329974811083,0.14720812182741116,0.11891117478510027,0.0,1.0,0.0,0
519,0.45833333333333337,0.4430379746835442,0.09734513274336283,0.2443317422434368,0.23551637279596974,0.23730964467005075,0.17048710601719197,0.0,0.0,1.0,0
520,0.45833333333333337,0.41772151898734167,0.12389380530973453,0.25865155131264916,0.2638539042821158,0.23096446700507614,0.1833810888252149,0.0,0.0,1.0,0
521,0.46875,0.40506329113924044,0.09734513274336283,0.22046539379474944,0.21347607052896725,0.1916243654822335,0.16189111747851004,0.0,1.0,0.0,0
522,0.27083333333333337,0.15189873417721522,0.08849557522123895,0.14170644391408116,0.13287153652392947,0.13832487309644673,0.09312320916905442,0.0,0.0,1.0,0
523,0.5416666666666667,0.5189873417721519,0.11061946902654868,0.31921241050119337,0.3211586901763223,0.2779187817258883,0.2141833810888252,1.0,0.0,0.0,0
524,0.5520833333333335,0.5316455696202532,0.10176991150442478,0.41527446300716,0.3633501259445843,0.43401015228426393,0.27650429799426934,1.0,0.0,0.0,0
525,0.4062500000000001,0.40506329113924044,0.09734513274336283,0.22583532219570412,0.20465994962216624,0.13578680203045687,0.16189111747851004,0.0,1.0,0.0,0
526,0.23958333333333337,0.20253164556962033,0.08849557522123895,0.0850238663484487,0.07745591939546598,0.0317258883248731,0.07593123209169056,1.0,0.0,0.0,0
527,0.21875,0.17721518987341778,0.07964601769911504,0.07547732696897375,0.05856423173803526,0.1104060913705584,0.04727793696275071,1.0,0.0,0.0,0
528,0.44791666666666663,0.45569620253164556,0.10619469026548672,0.29862768496420056,0.29534005037783373,0.20304568527918784,0.2034383954154728,0.0,0.0,1.0,0
529,0.5208333333333335,0.6202531645569621,0.12389380530973453,0.4460023866348449,0.3904282115869017,0.4365482233502538,0.3037249283667622,0.0,0.0,1.0,0
530,0.5,0.5063291139240508,0.11946902654867259,0.33025059665871126,0.34256926952141054,0.29441624365482233,0.17550143266475643,0.0,0.0,1.0,0
531,0.5104166666666667,0.4810126582278481,0.10619469026548672,0.28639618138424827,0.3173803526448362,0.22715736040609139,0.15472779369627507,0.0,1.0,0.0,0
532,0.53125,0.5316455696202532,0.13274336283185842,0.37201670644391416,0.3973551637279596,0.30583756345177665,0.23137535816618912,0.0,0.0,1.0,0
533,0.5729166666666667,0.5822784810126581,0.11504424778761063,0.4048329355608592,0.36964735516372793,0.46573604060913704,0.25501432664756446,1.0,0.0,0.0,0
534,0.53125,0.5316455696202532,0.11061946902654868,0.3576968973747017,0.39672544080604527,0.3197969543147208,0.22206303724928364,0.0,1.0,0.0,0
535,0.5625000000000002,0.5189873417721519,0.11504424778761063,0.33741050119331745,0.36964735516372793,0.2817258883248731,0.20487106017191978,0.0,1.0,0.0,0
536,0.6458333333333333,0.6075949367088608,0.13274336283185842,0.5429594272076373,0.690176322418136,0.4289340101522842,0.25644699140401145,0.0,0.0,1.0,0
537,0.65625,0.6329113924050632,0.12831858407079647,0.4758353221957041,0.4792191435768261,0.5164974619289341,0.27650429799426934,1.0,0.0,0.0,0
538,0.78125,0.6962025316455694,0.13716814159292037,0.6279832935560861,0.7021410579345088,0.501269035532995,0.37249283667621774,0.0,0.0,1.0,0
539,0.65625,0.6455696202531646,0.11946902654867259,0.4260143198090693,0.44080604534005036,0.3248730964467005,0.31232091690544417,0.0,1.0,0.0,0
540,0.5416666666666667,0.5822784810126581,0.12831858407079647,0.511038186157518,0.586272040302267,0.42512690355329946,0.27435530085959886,0.0,0.0,1.0,0
541,0.6145833333333335,0.5949367088607594,0.12389380530973453,0.45346062052505975,0.4326196473551637,0.5190355329949239,0.23997134670487105,1.0,0.0,0.0,0
542,0.32291666666666663,0.26582278481012656,0.07964601769911504,0.11933174224343678,0.13790931989924432,0.11167512690355333,0.06876790830945559,0.0,1.0,0.0,0
543,0.4375000000000001,0.3797468354430379,0.09734513274336283,0.18675417661097854,0.190176322418136,0.15228426395939088,0.13323782234957018,0.0,1.0,0.0,0
544,0.45833333333333337,0.41772151898734167,0.12831858407079647,0.32965393794749404,0.31612090680100746,0.3134517766497462,0.2335243553008596,0.0,1.0,0.0,0
545,0.635416666666667,0.6202531645569621,0.11504424778761063,0.3839498806682578,0.39987405541561705,0.3439086294416243,0.24785100286532954,0.0,1.0,0.0,0
546,0.6666666666666667,0.6075949367088608,0.13274336283185842,0.5671241050119332,0.5403022670025189,0.5190355329949239,0.47707736389684813,1.0,0.0,0.0,0
547,0.5833333333333335,0.4810126582278481,0.1592920353982301,0.5987470167064439,0.5843828715365239,0.5482233502538072,0.39684813753581666,0.0,1.0,0.0,0
548,0.6041666666666667,0.569620253164557,0.14601769911504425,0.48538186157517904,0.4937027707808564,0.5228426395939086,0.2879656160458453,0.0,1.0,0.0,0
549,0.39583333333333337,0.3417721518987342,0.09734513274336283,0.1658711217183771,0.15239294710327456,0.13578680203045687,0.1310888252148997,0.0,1.0,0.0,0
550,0.44791666666666663,0.45569620253164556,0.10619469026548672,0.2428400954653938,0.20717884130982367,0.21700507614213202,0.15472779369627507,0.0,1.0,0.0,0
551,0.5,0.4683544303797469,0.12831858407079647,0.2505966587112172,0.2185138539042821,0.3413705583756345,0.17693409742120342,0.0,1.0,0.0,0
552,0.5416666666666667,0.4810126582278481,0.09734513274336283,0.29743436754176616,0.2789672544080604,0.37182741116751267,0.16189111747851004,0.0,0.0,1.0,0
553,0.5937500000000002,0.49367088607594944,0.11061946902654868,0.32547732696897375,0.27833753148614604,0.366751269035533,0.2335243553008596,0.0,1.0,0.0,0
554,0.6250000000000002,0.6075949367088608,0.12389380530973453,0.3994630071599046,0.3897984886649874,0.383248730964467,0.2679083094555874,0.0,0.0,1.0,0
555,0.36458333333333337,0.31645569620253167,0.09734513274336283,0.17153937947494036,0.1712846347607053,0.22461928934010153,0.11174785100286533,0.0,1.0,0.0,0
556,0.41666666666666674,0.40506329113924044,1.0,0.3066825775656325,0.37846347607052894,0.26015228426395937,0.15257879656160458,1.0,0.0,0.0,0
557,0.4895833333333335,0.4430379746835442,0.09734513274336283,0.27326968973747023,0.3016372795969773,0.22842639593908629,0.16045845272206305,0.0,1.0,0.0,0
558,0.34375,0.3670886075949368,0.10176991150442478,0.20375894988066828,0.18073047858942062,0.20177664974619292,0.15472779369627507,0.0,0.0,1.0,0
559,0.47916666666666674,0.5569620253164557,0.12389380530973453,0.2926610978520287,0.27518891687657426,0.30583756345177665,0.22636103151862466,0.0,1.0,0.0,0
560,0.2812500000000001,0.22784810126582267,0.084070796460177,0.11396181384248212,0.09886649874055414,0.11802030456852791,0.07593123209169056,0.0,0.0,1.0,0
561,0.34375,0.31645569620253167,0.08849557522123895,0.15513126491646784,0.18010075566750627,0.09263959390862947,0.09670487106017192,0.0,1.0,0.0,0
562,0.46875,0.4430379746835442,0.08849557522123895,0.25865155131264916,0.26637279596977326,0.22335025380710663,0.15472779369627507,0.0,0.0,1.0,0
563,0.5104166666666667,0.49367088607594944,0.11061946902654868,0.3001193317422435,0.3306045340050377,0.30076142131979694,0.19126074498567336,0.0,1.0,0.0,0
564,0.27083333333333337,0.22784810126582267,0.0752212389380531,0.09785202863961816,0.11335012594458438,0.07868020304568527,0.05873925501432666,0.0,1.0,0.0,0
565,0.3125000000000001,0.2911392405063291,0.09734513274336283,0.49522673031026265,0.484256926952141,0.49238578680203043,0.10386819484240689,0.0,1.0,0.0,0
566,0.5104166666666667,0.45569620253164556,0.10619469026548672,0.26789976133651555,0.24181360201511334,0.2779187817258883,0.19054441260744986,0.0,1.0,0.0,0
567,0.35416666666666674,0.3670886075949368,0.08849557522123895,0.1736276849642005,0.14924433249370275,0.18527918781725888,0.12607449856733524,0.0,1.0,0.0,0
568,0.6666666666666667,0.6455696202531646,0.14601769911504425,0.5283412887828163,0.5875314861460957,0.4479695431472081,0.2908309455587393,0.0,0.0,1.0,0
569,0.44791666666666663,0.45569620253164556,0.11061946902654868,0.26402147971360385,0.2455919395465995,0.22969543147208124,0.19340974212034384,0.0,1.0,0.0,0
570,0.23958333333333337,0.21518987341772156,0.09292035398230089,0.08591885441527448,0.06297229219143577,0.11167512690355333,0.06876790830945559,0.0,0.0,1.0,0
571,0.45833333333333337,0.569620253164557,0.1415929203539823,0.3755966587112172,0.40113350125944575,0.3477157360406091,0.22564469914040117,0.0,1.0,0.0,0
572,0.5729166666666667,0.569620253164557,0.12389380530973453,0.32637231503579955,0.3261964735516372,0.2614213197969543,0.22349570200573063,1.0,0.0,0.0,0
573,0.4062500000000001,0.3924050632911391,0.09734513274336283,0.2589498806682578,0.2789672544080604,0.23096446700507614,0.16189111747851004,0.0,1.0,0.0,0
574,0.5208333333333335,0.49367088607594944,0.10176991150442478,0.28550119331742246,0.28463476070528965,0.26776649746192893,0.1812320916905444,0.0,0.0,1.0,0
575,0.45833333333333337,0.41772151898734167,0.09734513274336283,0.22195704057279242,0.2008816120906801,0.21700507614213202,0.14756446991404013,0.0,1.0,0.0,0
576,0.19791666666666663,0.16455696202531644,0.084070796460177,0.08412887828162292,0.08438287153652393,0.07487309644670051,0.06160458452722064,0.0,1.0,0.0,0
577,0.5520833333333335,0.5822784810126581,0.11061946902654868,0.42362768496420056,0.4288413098236775,0.48604060913705577,0.2335243553008596,0.0,0.0,1.0,0
578,0.8437500000000002,0.7341772151898734,0.13716814159292037,0.6846658711217185,0.7285894206549118,0.6611675126903555,0.39111747851002865,0.0,0.0,1.0,0
579,0.5104166666666667,0.41772151898734167,0.10619469026548672,0.214200477326969,0.1964735516372796,0.233502538071066,0.14828080229226362,0.0,1.0,0.0,0
580,0.635416666666667,0.5949367088607594,0.13716814159292037,0.46986873508353233,0.4641057934508816,0.4022842639593908,0.2893982808022923,0.0,0.0,1.0,0
