,FixedAcidity,VolatileAcidity,CitricAcid,ResidualSugar,Chlorides,FreeSulfurDioxide,TotalSulfurDioxide,Density,PH,Sulphates,Alcohol,Class
0,0.677083,0.136364,0.717949,0.068966,0.107612,0.225352,0.339623,0.582232,0.26087,0.116129,0.25,0
1,0.333333,0.181818,0.653846,0.062069,0.805774,0.225352,0.314465,0.501468,0.156522,0.43871,0.142857,0
2,0.4375,0.068182,0.615385,0.062069,0.112861,0.394366,0.339623,0.494126,0.46087,0.083871,0.178571,0
3,0.229167,0.272727,0.179487,0.103448,0.133858,0.28169,0.213836,0.494126,0.495652,0.148387,0.232143,0
4,0.322917,0.551136,0.0,0.075862,0.125984,0.098592,0.062893,0.464758,0.452174,0.122581,0.25,0
5,0.229167,0.596591,0.0,0.110345,0.186352,0.295775,0.194969,0.479442,0.521739,0.109677,0.392857,0
6,0.229167,0.505682,0.153846,0.675862,0.102362,0.549296,0.484277,0.67768,0.513043,0.077419,0.178571,0
7,0.322917,0.551136,0.0,0.317241,0.136483,0.056338,0.075472,0.626285,0.469565,0.096774,0.214286,0
8,0.322917,0.5,0.179487,0.103448,0.136483,0.028169,0.056604,0.545521,0.486957,0.129032,0.428571,0
9,0.291667,0.375,0.25641,0.117241,0.782152,0.098592,0.050314,0.494126,0.304348,0.322581,0.375,0
10,0.197917,0.409091,0.051282,0.089655,0.091864,0.098592,0.056604,0.406021,0.469565,0.148387,0.178571,0
11,0.197917,0.386364,0.051282,0.082759,0.089239,0.070423,0.050314,0.398678,0.46087,0.154839,0.178571,0
12,0.302083,0.397727,0.192308,0.131034,0.199475,0.450704,0.421384,0.398678,0.269565,0.148387,0.321429,0
13,0.270833,0.261364,0.397436,0.103448,0.104987,0.112676,0.251572,0.450073,0.478261,0.090323,0.178571,0
14,0.34375,0.619318,0.064103,0.068966,0.104987,0.098592,0.081761,0.450073,0.417391,0.354839,0.375,0
15,0.3125,0.534091,0.102564,0.068966,0.110236,0.197183,0.132075,0.486784,0.4,0.090323,0.196429,0
16,0.21875,0.710227,0.0,0.103448,0.183727,0.183099,0.150943,0.479442,0.573913,0.096774,0.410714,0
17,0.166667,0.159091,0.615385,0.062069,0.091864,0.239437,0.345912,0.428047,0.504348,0.245161,0.339286,0
18,0.40625,0.375,0.358974,0.068966,0.199475,0.267606,0.81761,0.523495,0.06087,1.0,0.267857,0
19,0.40625,0.375,0.358974,0.068966,0.199475,0.267606,0.81761,0.523495,0.06087,1.0,0.267857,0
20,0.0,0.5,0.217949,0.096552,0.062992,0.225352,0.628931,0.229809,0.86087,0.129032,0.803571,0
21,0.354167,0.4375,0.230769,0.068966,0.120735,0.169014,0.18239,0.523495,0.382609,0.122581,0.107143,0
22,0.375,0.511364,0.384615,0.082759,0.131234,0.140845,0.27673,0.523495,0.469565,0.135484,0.321429,0
23,0.322917,0.386364,0.384615,0.068966,0.107612,0.098592,0.100629,0.428047,0.391304,0.103226,0.357143,0
24,0.354167,0.4375,0.230769,0.068966,0.120735,0.169014,0.18239,0.523495,0.382609,0.122581,0.107143,0
25,0.34375,0.193182,0.679487,0.110345,0.149606,0.239437,0.465409,0.552863,0.443478,0.258065,0.214286,0
26,0.5625,0.170455,0.564103,0.096552,0.120735,0.295775,0.251572,0.640969,0.4,0.174194,0.232143,0
27,0.489583,0.272727,0.397436,0.089655,0.146982,0.169014,0.352201,0.479442,0.182609,0.148387,0.375,0
28,0.375,0.431818,0.358974,0.068966,0.112861,0.140845,0.213836,0.567548,0.46087,0.135484,0.285714,0
29,0.322917,0.454545,0.153846,0.075862,0.125984,0.084507,0.138365,0.508811,0.443478,0.064516,0.178571,0
30,0.427083,0.443182,0.051282,0.089655,0.223097,0.183099,0.314465,0.450073,0.304348,0.129032,0.446429,0
31,0.239583,0.602273,0.102564,0.062069,0.165354,0.295775,0.522013,0.428047,0.417391,0.090323,0.142857,0
32,0.427083,0.443182,0.051282,0.089655,0.223097,0.183099,0.314465,0.450073,0.304348,0.129032,0.446429,0
33,0.197917,0.386364,0.012821,0.041379,0.068241,0.225352,0.125786,0.376652,0.469565,0.116129,0.25,0
34,0.333333,1.0,0.064103,0.089655,0.131234,0.169014,0.144654,0.428047,0.313043,0.096774,0.267857,0
35,0.052083,0.204545,0.0,0.062069,0.041995,0.366197,0.358491,0.112335,0.713043,0.251613,1.0,0
36,0.052083,0.204545,0.0,0.062069,0.041995,0.366197,0.358491,0.112335,0.713043,0.251613,1.0,0
37,0.229167,0.375,0.128205,0.096552,0.104987,0.15493,0.150943,0.428047,0.486957,0.116129,0.321429,0
38,0.364583,0.272727,0.564103,0.131034,0.144357,0.140845,0.232704,0.545521,0.582609,0.135484,0.375,0
39,0.270833,0.193182,0.602564,0.082759,0.112861,0.056338,0.031447,0.420705,0.408696,0.083871,0.339286,0
40,0.21875,0.5,0.230769,0.068966,0.11811,0.239437,0.503145,0.494126,0.634783,0.109677,0.160714,0
41,0.322917,0.420455,0.051282,0.055172,0.110236,0.225352,0.157233,0.464758,0.408696,0.103226,0.285714,0
42,0.21875,0.534091,0.089744,0.082759,0.144357,0.140845,0.238994,0.383994,0.530435,0.096774,0.357143,0
43,0.34375,0.295455,0.217949,0.075862,0.102362,0.070423,0.075472,0.523495,0.373913,0.135484,0.142857,0
44,0.34375,0.295455,0.217949,0.075862,0.102362,0.070423,0.075472,0.523495,0.373913,0.135484,0.142857,0
45,0.28125,0.522727,0.064103,0.068966,0.089239,0.323944,0.226415,0.442731,0.486957,0.109677,0.553571,0
46,0.291667,0.409091,0.538462,0.096552,0.139108,0.098592,0.201258,0.523495,0.626087,0.135484,0.375,0
47,0.208333,0.522727,0.269231,0.068966,0.11811,0.098592,0.352201,0.508811,0.573913,0.116129,0.160714,0
48,0.177083,0.238636,0.320513,0.068966,0.104987,0.28169,0.27044,0.538179,0.617391,0.141935,0.25,0
49,0.708333,0.159091,0.769231,0.075862,0.086614,0.15493,0.132075,0.589574,0.217391,0.367742,0.303571,0
50,0.239583,0.306818,0.461538,0.048276,0.144357,0.183099,0.194969,0.446402,0.417391,0.103226,0.142857,0
51,0.520833,0.420455,0.769231,0.075862,0.013123,0.056338,0.081761,0.424376,0.382609,0.296774,0.714286,0
52,0.34375,0.642045,0.307692,0.131034,0.128609,0.126761,0.352201,0.497797,0.426087,0.103226,0.285714,0
53,0.71875,0.318182,0.820513,0.082759,0.065617,0.056338,0.056604,0.582232,0.304348,0.174194,0.321429,0
54,0.322917,0.653409,0.102564,0.103448,0.152231,0.126761,0.220126,0.538179,0.330435,0.2,0.25,0
55,0.322917,0.204545,0.474359,0.075862,0.125984,0.323944,0.327044,0.464758,0.417391,0.122581,0.178571,0
56,0.40625,0.551136,0.320513,0.075862,0.128609,0.098592,0.138365,0.593245,0.365217,0.129032,0.285714,0
57,0.3125,0.306818,0.320513,0.117241,0.102362,0.394366,0.358491,0.446402,0.443478,0.116129,0.375,0
58,0.4375,0.488636,0.641026,0.075862,0.795276,0.366197,0.471698,0.464758,0.156522,0.780645,0.196429,0
59,0.3125,0.306818,0.320513,0.117241,0.102362,0.394366,0.358491,0.446402,0.443478,0.116129,0.375,0
60,0.34375,0.25,0.076923,0.062069,0.115486,0.15493,0.27044,0.453744,0.443478,0.077419,0.267857,0
61,0.395833,0.238636,0.25641,0.131034,0.146982,0.239437,0.327044,0.582232,0.417391,0.193548,0.214286,0
62,0.364583,0.954545,0.115385,0.096552,0.081365,0.084507,0.194969,0.497797,0.4,0.096774,0.107143,0
63,0.260417,0.534091,0.0,0.068966,0.165354,0.183099,0.201258,0.490455,0.443478,0.116129,0.107143,0
64,0.260417,0.534091,0.0,0.068966,0.165354,0.183099,0.201258,0.490455,0.443478,0.116129,0.107143,0
65,0.260417,0.551136,0.0,0.068966,0.165354,0.197183,0.207547,0.490455,0.443478,0.116129,0.142857,0
66,0.260417,0.534091,0.0,0.068966,0.165354,0.183099,0.201258,0.490455,0.443478,0.116129,0.107143,0
67,0.364583,0.954545,0.115385,0.096552,0.081365,0.084507,0.194969,0.497797,0.4,0.096774,0.107143,0
68,0.760417,0.25,0.717949,0.082759,0.154856,0.070423,0.113208,0.674009,0.243478,0.2,0.446429,0
69,0.3125,0.477273,0.128205,0.062069,0.178478,0.380282,0.647799,0.409692,0.191304,0.058065,0.25,0
70,0.270833,0.568182,0.0,0.075862,0.131234,0.070423,0.106918,0.604258,0.652174,0.36129,0.267857,0
71,0.3125,0.420455,0.076923,0.055172,0.104987,0.112676,0.207547,0.446402,0.426087,0.051613,0.25,0
72,0.270833,0.568182,0.0,0.075862,0.131234,0.070423,0.106918,0.604258,0.652174,0.36129,0.267857,0
73,0.635417,0.181818,0.564103,0.048276,0.076115,0.211268,0.194969,0.618943,0.313043,0.245161,0.285714,0
74,0.25,0.5,0.0,0.062069,0.104987,0.211268,0.176101,0.523495,0.530435,0.193548,0.267857,0
75,0.25,0.5,0.0,0.062069,0.104987,0.211268,0.176101,0.523495,0.530435,0.193548,0.267857,0
76,0.333333,0.215909,0.589744,0.186207,0.115486,0.197183,0.194969,0.530837,0.426087,0.296774,0.785714,1
77,0.229167,0.431818,0.051282,0.144828,0.112861,0.084507,0.132075,0.633627,0.721739,0.329032,0.178571,0
78,0.708333,0.022727,0.653846,0.213793,0.183727,0.042254,0.106918,0.699706,0.365217,0.367742,0.303571,0
79,0.333333,0.4375,0.076923,0.213793,0.139108,0.366197,0.345912,0.4721,0.434783,0.174194,0.410714,0
80,0.708333,0.022727,0.653846,0.213793,0.183727,0.042254,0.106918,0.699706,0.365217,0.367742,0.303571,0
81,0.333333,0.4375,0.076923,0.213793,0.139108,0.366197,0.345912,0.4721,0.434783,0.174194,0.410714,0
82,0.229167,0.431818,0.051282,0.144828,0.112861,0.084507,0.132075,0.633627,0.721739,0.329032,0.178571,0
83,0.708333,0.022727,0.653846,0.213793,0.183727,0.042254,0.106918,0.699706,0.365217,0.367742,0.303571,0
84,0.583333,0.181818,0.576923,0.37931,0.102362,0.056338,0.044025,0.552863,0.321739,0.270968,0.75,1
85,0.697917,0.113636,0.564103,0.186207,0.097113,0.070423,0.081761,0.626285,0.226087,0.270968,0.160714,0
86,0.760417,0.329545,0.705128,0.075862,0.102362,0.338028,0.27044,0.707048,0.208696,0.232258,0.339286,0
87,0.291667,0.272727,0.153846,0.144828,0.152231,0.394366,0.295597,0.486784,0.443478,0.193548,0.339286,0
88,0.59375,0.443182,0.294872,0.124138,0.149606,0.239437,0.264151,0.685022,0.313043,0.154839,0.339286,0
89,0.229167,0.227273,0.320513,0.103448,0.167979,0.056338,0.062893,0.464758,0.478261,0.129032,0.303571,0
90,0.895833,0.204545,0.666667,0.158621,0.15748,0.225352,0.295597,0.831865,0.165217,0.264516,0.196429,0
91,0.291667,0.420455,0.076923,0.117241,0.136483,0.267606,0.238994,0.4721,0.452174,0.122581,0.410714,0
92,0.666667,0.022727,0.615385,0.041379,0.089239,0.084507,0.056604,0.530837,0.313043,0.154839,0.303571,0
93,0.583333,0.420455,0.615385,0.110345,0.076115,0.070423,0.119497,0.714391,0.226087,0.122581,0.160714,0
94,0.583333,0.284091,0.538462,0.103448,0.469816,0.070423,0.050314,0.685022,0.286957,0.141935,0.196429,0
95,0.583333,0.306818,0.564103,0.103448,0.472441,0.056338,0.037736,0.685022,0.286957,0.148387,0.196429,0
96,0.28125,0.147727,0.487179,0.055172,0.073491,0.112676,0.150943,0.494126,0.478261,0.083871,0.196429,0
97,0.583333,0.420455,0.615385,0.110345,0.076115,0.070423,0.119497,0.714391,0.226087,0.122581,0.160714,0
98,0.333333,0.420455,0.307692,0.075862,0.099738,0.197183,0.622642,0.435389,0.356522,0.090323,0.178571,0
99,0.447917,0.340909,0.397436,0.131034,0.154856,0.253521,0.578616,0.593245,0.4,0.148387,0.196429,0
100,0.25,0.215909,0.371795,0.110345,0.16273,0.267606,0.295597,0.450073,0.486957,0.16129,0.464286,0
101,0.510417,0.693182,0.153846,0.137931,0.125984,0.408451,0.427673,0.629956,0.382609,0.154839,0.357143,0
102,0.510417,0.693182,0.153846,0.137931,0.125984,0.408451,0.427673,0.629956,0.382609,0.154839,0.357143,0
103,0.583333,0.488636,0.538462,0.131034,0.146982,0.478873,0.421384,0.655653,0.365217,0.193548,0.196429,0
104,0.552083,0.375,0.25641,0.696552,0.097113,0.169014,0.27673,0.839207,0.26087,0.187097,0.142857,0
105,0.552083,0.375,0.25641,0.696552,0.097113,0.169014,0.27673,0.839207,0.26087,0.187097,0.142857,0
106,0.90625,0.125,0.794872,0.117241,0.125984,0.070423,0.09434,0.743759,0.26087,0.174194,0.232143,0
107,0.572917,0.227273,0.820513,0.137931,0.230971,0.126761,0.220126,0.582232,0.321739,0.167742,0.732143,0
108,0.572917,0.227273,0.820513,0.137931,0.230971,0.126761,0.220126,0.582232,0.321739,0.167742,0.732143,0
109,0.34375,0.477273,0.358974,0.158621,0.08399,0.28169,0.679245,0.530837,0.313043,0.090323,0.178571,0
110,0.4375,0.306818,0.576923,0.068966,0.047244,0.070423,0.062893,0.347283,0.426087,0.193548,0.732143,0
111,0.802083,0.375,0.74359,0.144828,0.181102,0.380282,0.584906,0.787812,0.26087,0.387097,0.553571,0
112,0.78125,0.204545,0.641026,0.103448,0.08399,0.126761,0.09434,0.729075,0.226087,0.503226,0.142857,0
113,0.614583,0.295455,0.615385,0.124138,0.081365,0.056338,0.075472,0.523495,0.304348,0.303226,0.517857,0
114,0.645833,0.261364,0.602564,0.062069,0.220472,0.070423,0.050314,0.596916,0.382609,0.225806,0.25,0
115,0.645833,0.261364,0.602564,0.062069,0.220472,0.070423,0.050314,0.596916,0.382609,0.225806,0.25,0
116,0.75,0.465909,0.641026,0.117241,0.125984,0.070423,0.163522,0.773128,0.226087,0.245161,0.410714,0
117,0.947917,0.375,0.858974,0.144828,0.154856,0.070423,0.056604,0.626285,0.13913,0.341935,0.642857,0
118,0.510417,0.454545,0.397436,0.131034,0.144357,0.197183,0.251572,0.57489,0.217391,0.335484,0.285714,0
119,0.458333,0.710227,0.0,0.117241,0.154856,0.140845,0.138365,0.685022,0.434783,0.296774,0.178571,0
120,0.625,0.579545,0.282051,0.124138,0.191601,0.225352,0.176101,0.758443,0.365217,0.374194,0.267857,0
121,0.458333,0.721591,0.0,0.117241,0.16273,0.140845,0.125786,0.685022,0.426087,0.277419,0.178571,0
122,0.145833,0.056818,0.512821,0.034483,0.08399,0.556338,1.0,0.082966,0.33913,0.122581,0.625,0
123,0.208333,0.670455,0.012821,0.103448,0.115486,0.225352,0.163522,0.398678,0.6,0.135484,0.785714,0
124,0.822917,0.25,0.846154,0.117241,0.141732,0.126761,0.220126,0.802496,0.269565,0.180645,0.25,0
125,0.40625,0.329545,0.397436,0.117241,0.136483,0.28169,0.27673,0.596916,0.443478,0.329032,0.267857,0
126,0.552083,0.295455,0.641026,0.172414,0.191601,0.084507,0.09434,0.57489,0.347826,0.341935,0.607143,0
127,0.333333,0.090909,0.512821,0.048276,0.057743,0.140845,0.119497,0.486784,0.4,0.303226,0.053571,0
128,0.458333,0.136364,0.615385,0.062069,0.086614,0.352113,0.251572,0.486784,0.4,0.412903,0.392857,0
129,0.96875,0.284091,0.807692,0.2,0.144357,0.070423,0.257862,0.831865,0.130435,0.264516,0.428571,0
130,0.708333,0.329545,0.641026,0.144828,0.115486,0.253521,0.257862,0.751101,0.347826,0.458065,0.464286,0
131,0.697917,0.528409,0.846154,0.365517,0.141732,0.070423,0.113208,0.640969,0.217391,0.380645,0.875,0
132,0.375,0.295455,0.487179,0.110345,0.15748,0.323944,0.339623,0.57489,0.391304,0.193548,0.428571,0
133,0.375,0.113636,0.538462,0.075862,0.120735,0.140845,0.132075,0.538179,0.304348,0.258065,0.178571,0
134,0.9375,0.289773,0.871795,0.137931,0.133858,0.225352,0.232704,0.831865,0.173913,0.258065,0.285714,0
135,0.375,0.113636,0.538462,0.075862,0.120735,0.140845,0.132075,0.538179,0.304348,0.258065,0.178571,0
136,0.375,0.113636,0.538462,0.075862,0.120735,0.140845,0.132075,0.538179,0.304348,0.258065,0.178571,0
137,0.28125,0.534091,0.089744,0.103448,0.146982,0.140845,0.194969,0.57489,0.495652,0.232258,0.232143,0
138,0.322917,0.431818,0.333333,0.075862,0.141732,0.309859,0.264151,0.589574,0.478261,0.219355,0.142857,0
139,0.375,0.568182,0.192308,0.068966,0.11811,0.225352,0.226415,0.523495,0.391304,0.090323,0.214286,0
140,0.322917,0.340909,0.333333,0.068966,0.141732,0.309859,0.295597,0.589574,0.495652,0.219355,0.142857,0
141,0.09375,0.784091,0.064103,0.034483,0.028871,0.15493,0.515723,0.171072,0.608696,0.270968,0.803571,1
142,0.9375,0.289773,0.871795,0.137931,0.133858,0.225352,0.232704,0.831865,0.173913,0.258065,0.285714,0
143,0.708333,0.488636,0.75641,0.117241,0.139108,0.169014,0.27044,0.640969,0.278261,0.16129,0.464286,0
144,0.708333,0.488636,0.75641,0.117241,0.139108,0.169014,0.27044,0.640969,0.278261,0.16129,0.464286,0
145,0.3125,0.113636,0.384615,0.055172,0.065617,0.267606,0.201258,0.354626,0.373913,0.045161,0.428571,0
146,0.78125,0.363636,0.692308,0.117241,0.133858,0.253521,0.36478,0.729075,0.208696,0.135484,0.375,0
147,0.697917,0.5,0.628205,0.124138,0.133858,0.126761,0.220126,0.685022,0.252174,0.148387,0.375,0
148,0.416667,0.170455,0.589744,0.034483,0.065617,0.140845,0.119497,0.479442,0.434783,0.232258,0.303571,0
149,0.53125,0.318182,0.602564,0.110345,0.076115,0.112676,0.138365,0.589574,0.330435,0.16129,0.428571,0
150,0.59375,0.204545,0.74359,0.193103,0.367454,0.070423,0.062893,0.508811,0.286957,0.193548,0.517857,0
151,0.447917,0.306818,0.435897,0.110345,0.120735,0.352113,0.503145,0.633627,0.452174,0.141935,0.196429,0
152,0.614583,0.363636,0.820513,0.089655,0.2021,0.070423,0.08805,0.508811,0.347826,0.167742,0.589286,0
153,0.75,0.25,0.653846,0.075862,0.228346,0.084507,0.08805,0.699706,0.330435,0.232258,0.357143,0
154,0.177083,0.579545,0.102564,0.082759,0.028871,0.253521,0.264151,0.354626,0.547826,0.058065,0.535714,0
155,0.5,0.704545,0.282051,0.068966,0.112861,0.070423,0.163522,0.640969,0.347826,0.103226,0.392857,0
156,0.84375,0.772727,0.807692,0.103448,0.141732,0.169014,0.18239,0.707048,0.208696,0.129032,0.357143,0
157,0.75,0.238636,0.884615,0.096552,0.115486,0.15493,0.113208,0.420705,0.121739,0.16129,0.785714,0
158,0.59375,0.284091,0.705128,0.158621,0.110236,0.295775,0.301887,0.699706,0.252174,0.316129,0.267857,0
159,0.34375,0.579545,0.384615,0.075862,0.068241,0.521127,0.352201,0.420705,0.347826,0.103226,0.321429,0
160,0.666667,0.329545,0.935897,0.158621,0.08399,0.070423,0.100629,0.626285,0.269565,0.167742,0.5,0
161,0.59375,0.284091,0.705128,0.158621,0.110236,0.295775,0.301887,0.699706,0.252174,0.316129,0.267857,0
162,0.822917,0.170455,0.923077,0.089655,0.099738,0.070423,0.144654,0.633627,0.017391,0.270968,0.25,1
163,0.75,0.272727,0.833333,0.086207,0.089239,0.084507,0.132075,0.640969,0.173913,0.180645,0.517857,0
164,0.5,0.653409,0.128205,0.082759,0.11811,0.070423,0.157233,0.626285,0.321739,0.103226,0.303571,0
165,0.40625,0.420455,0.282051,0.075862,0.173228,0.084507,0.132075,0.486784,0.295652,0.103226,0.321429,0
166,0.75,0.261364,0.884615,0.131034,0.160105,0.225352,0.18239,0.685022,0.208696,0.135484,0.428571,0
167,0.75,0.261364,0.884615,0.131034,0.160105,0.225352,0.18239,0.685022,0.208696,0.135484,0.428571,0
168,0.385417,0.238636,0.679487,0.062069,0.994751,0.112676,0.125786,0.57489,0.173913,0.425806,0.125,0
169,0.21875,0.454545,0.038462,0.055172,0.131234,0.239437,0.18239,0.494126,0.504348,0.148387,0.285714,0
170,0.6875,0.522727,0.858974,0.296552,0.136483,0.070423,0.081761,0.640969,0.313043,0.187097,0.892857,1
171,0.46875,0.306818,0.666667,0.096552,0.128609,0.183099,0.106918,0.552863,0.426087,0.135484,0.517857,0
172,0.708333,0.176136,0.692308,0.082759,0.131234,0.056338,0.056604,0.633627,0.104348,0.193548,0.142857,0
173,0.583333,0.386364,0.538462,0.075862,0.091864,0.28169,0.283019,0.596916,0.26087,0.206452,0.553571,0
174,0.427083,0.340909,0.576923,0.117241,0.081365,0.084507,0.075472,0.339941,0.4,0.251613,1.0,0
175,0.697917,0.227273,0.884615,0.082759,0.146982,0.070423,0.09434,0.729075,0.269565,0.141935,0.142857,0
176,0.510417,0.431818,0.538462,0.103448,0.12336,0.338028,0.289308,0.508811,0.295652,0.2,0.535714,0
177,0.8125,0.238636,0.705128,0.117241,0.128609,0.338028,0.389937,0.692364,0.252174,0.270968,0.357143,0
178,0.604167,0.136364,0.653846,0.055172,0.120735,0.126761,0.113208,0.596916,0.295652,0.316129,0.178571,0
179,0.59375,0.090909,0.628205,0.062069,0.107612,0.070423,0.08805,0.560206,0.278261,0.425806,0.464286,0
180,0.489583,0.596591,0.141026,0.124138,0.112861,0.070423,0.157233,0.611601,0.286957,0.193548,0.303571,0
181,0.489583,0.159091,0.717949,0.131034,0.120735,0.070423,0.069182,0.464758,0.252174,0.335484,0.589286,1
182,0.614583,0.318182,0.871795,0.22069,0.209974,0.070423,0.113208,0.508811,0.173913,0.167742,0.892857,0
183,0.572917,0.551136,0.461538,0.062069,0.049869,0.056338,0.050314,0.596916,0.269565,0.012903,0.285714,0
184,0.479167,0.261364,0.512821,0.117241,0.102362,0.126761,0.125786,0.611601,0.417391,0.225806,0.321429,0
185,0.479167,0.698864,0.346154,0.131034,0.115486,0.323944,0.314465,0.611601,0.391304,0.174194,0.392857,0
186,0.416667,0.602273,0.397436,0.144828,0.136483,0.309859,0.471698,0.743759,0.53913,0.219355,0.571429,0
187,0.1875,0.261364,0.294872,0.510345,0.044619,0.380282,0.534591,0.376652,0.504348,0.096774,0.660714,0
188,0.625,0.215909,0.679487,0.117241,0.094488,0.056338,0.062893,0.523495,0.252174,0.16129,0.464286,1
189,0.322917,0.409091,0.320513,0.068966,0.12336,0.183099,0.201258,0.611601,0.495652,0.16129,0.107143,0
190,0.625,0.215909,0.679487,0.117241,0.094488,0.056338,0.062893,0.523495,0.252174,0.16129,0.464286,1
191,0.416667,0.602273,0.397436,0.144828,0.136483,0.309859,0.471698,0.743759,0.53913,0.219355,0.571429,0
192,0.322917,0.409091,0.320513,0.068966,0.12336,0.183099,0.201258,0.611601,0.495652,0.16129,0.107143,0
193,0.677083,0.579545,0.705128,0.096552,0.131234,0.070423,0.044025,0.729075,0.269565,0.2,0.196429,0
194,0.552083,0.488636,0.397436,0.089655,0.146982,0.352113,0.352201,0.685022,0.278261,0.148387,0.321429,0
195,0.552083,0.488636,0.397436,0.089655,0.146982,0.352113,0.352201,0.685022,0.278261,0.148387,0.321429,0
196,0.625,0.272727,0.615385,0.082759,0.238845,0.197183,0.27044,0.582232,0.147826,0.264516,0.232143,0
197,0.8125,0.5,0.628205,0.234483,0.173228,0.056338,0.050314,0.802496,0.33913,0.219355,0.625,0
198,0.645833,0.056818,0.628205,0.131034,0.141732,0.140845,0.163522,0.523495,0.313043,0.180645,0.589286,0
199,0.53125,0.102273,0.628205,0.124138,0.141732,0.197183,0.169811,0.596916,0.486957,0.322581,0.285714,0
200,0.239583,0.25,0.628205,0.110345,0.165354,0.450704,0.496855,0.450073,0.46087,0.23871,0.535714,0
201,0.364583,0.295455,0.628205,0.117241,0.131234,0.43662,0.308176,0.640969,0.417391,0.225806,0.053571,0
202,0.458333,0.068182,0.307692,0.082759,0.115486,0.0,0.138365,0.655653,0.478261,0.303226,0.339286,0
203,0.583333,0.125,0.307692,0.082759,0.099738,0.197183,0.169811,0.406021,0.313043,0.167742,0.785714,0
204,0.552083,0.363636,0.307692,0.124138,0.178478,0.169014,0.163522,0.729075,0.365217,0.103226,0.285714,0
205,0.458333,0.068182,0.307692,0.082759,0.115486,0.0,0.138365,0.655653,0.478261,0.303226,0.339286,0
206,0.354167,0.755682,0.307692,0.082759,0.131234,0.056338,0.044025,0.523495,0.443478,0.23871,0.410714,0
207,0.5,0.340909,0.628205,0.372414,0.07874,0.056338,0.069182,0.640969,0.304348,0.212903,0.464286,0
208,0.677083,0.568182,0.307692,0.110345,0.133858,0.211268,0.295597,0.67768,0.173913,0.206452,0.464286,0
209,1.0,0.170455,0.948718,0.062069,0.107612,0.070423,0.056604,0.787812,0.0,0.251613,0.0,0
210,0.291667,0.443182,0.307692,0.075862,0.115486,0.126761,0.138365,0.604258,0.513043,0.245161,0.196429,0
211,0.614583,0.170455,0.628205,0.110345,0.086614,0.070423,0.09434,0.633627,0.347826,0.296774,0.410714,0
212,0.802083,0.215909,0.628205,0.117241,0.11811,0.366197,0.396226,0.685022,0.226087,0.225806,0.357143,0
213,0.447917,0.420455,0.628205,0.068966,0.35958,0.070423,0.119497,0.545521,0.356522,0.135484,0.178571,0
214,0.21875,0.397727,0.012821,0.082759,0.104987,0.112676,0.119497,0.420705,0.408696,0.103226,0.196429,0
215,0.489583,0.306818,0.307692,0.131034,0.152231,0.183099,0.245283,0.582232,0.286957,0.212903,0.285714,0
216,0.5,0.340909,0.307692,0.124138,0.152231,0.183099,0.238994,0.582232,0.226087,0.219355,0.285714,0
217,0.645833,0.420455,0.628205,0.255172,0.220472,0.126761,0.069182,0.743759,0.182609,0.103226,0.589286,0
218,0.645833,0.420455,0.628205,0.255172,0.220472,0.126761,0.069182,0.743759,0.182609,0.103226,0.589286,0
219,0.864583,0.352273,0.628205,0.234483,0.133858,0.070423,0.257862,0.88326,0.382609,0.180645,0.767857,0
220,0.302083,0.147727,0.628205,0.124138,0.152231,0.338028,0.339623,0.516153,0.391304,0.135484,0.303571,0
221,0.864583,0.352273,0.628205,0.234483,0.133858,0.070423,0.257862,0.88326,0.382609,0.180645,0.767857,0
222,0.416667,0.613636,0.307692,0.110345,0.503937,0.056338,0.056604,0.662996,0.4,0.129032,0.107143,0
223,0.416667,0.613636,0.307692,0.110345,0.503937,0.056338,0.056604,0.662996,0.4,0.129032,0.107143,0
224,0.53125,0.386364,0.628205,0.117241,0.566929,0.056338,0.08805,0.655653,0.391304,0.251613,0.410714,0
225,0.15625,0.227273,0.307692,0.089655,0.160105,0.253521,0.226415,0.332599,0.617391,0.109677,0.589286,0
226,0.708333,0.215909,0.628205,0.165517,0.094488,0.126761,0.194969,0.751101,0.4,0.329032,0.464286,0
227,0.15625,0.227273,0.307692,0.089655,0.160105,0.253521,0.226415,0.332599,0.617391,0.109677,0.589286,0
228,0.614583,0.204545,0.628205,0.158621,0.115486,0.267606,0.45283,0.670338,0.286957,0.193548,0.285714,0
229,0.791667,0.125,0.628205,0.151724,0.11811,0.380282,0.251572,0.67768,0.295652,0.258065,0.321429,0
230,0.614583,0.170455,0.628205,0.089655,0.076115,0.239437,0.213836,0.552863,0.243478,0.070968,0.25,0
231,0.302083,0.397727,0.307692,0.103448,0.149606,0.098592,0.201258,0.582232,0.530435,0.167742,0.214286,0
232,0.03125,0.295455,0.307692,0.075862,0.068241,0.253521,0.27673,0.119677,0.747826,0.219355,1.0,1
233,0.197917,0.261364,0.628205,0.055172,0.094488,0.309859,0.899371,0.156388,0.226087,0.064516,0.553571,0
234,0.802083,0.272727,0.653846,0.075862,0.065617,0.070423,0.113208,0.685022,0.156522,0.129032,0.160714,0
235,0.75,0.477273,0.74359,0.068966,0.097113,0.056338,0.075472,0.582232,0.2,0.148387,0.285714,0
236,0.395833,0.482955,0.230769,0.082759,0.115486,0.056338,0.150943,0.486784,0.295652,0.051613,0.25,0
237,0.833333,0.488636,0.576923,0.096552,0.125984,0.140845,0.100629,0.729075,0.121739,0.193548,0.160714,0
238,0.885417,0.340909,0.666667,0.089655,0.097113,0.15493,0.18239,0.773128,0.208696,0.103226,0.107143,0
239,0.885417,0.340909,0.666667,0.089655,0.097113,0.15493,0.18239,0.773128,0.208696,0.103226,0.107143,0
240,0.375,0.477273,0.166667,0.137931,0.16273,0.183099,0.358491,0.611601,0.269565,0.141935,0.125,0
241,0.375,0.5,0.166667,0.117241,0.133858,0.070423,0.113208,0.611601,0.391304,0.122581,0.142857,0
242,0.427083,0.363636,0.525641,0.165517,0.152231,0.352113,0.289308,0.596916,0.391304,0.083871,0.375,0
243,0.5625,0.556818,0.474359,0.289655,0.199475,0.140845,0.371069,0.919971,0.4,0.154839,0.357143,0
244,0.166667,0.227273,0.24359,0.158621,0.107612,0.197183,0.207547,0.406021,0.608696,0.077419,0.767857,0
245,0.291667,0.545455,0.0,0.103448,0.112861,0.239437,0.144654,0.4721,0.4,0.129032,0.285714,0
246,0.46875,0.676136,0.230769,0.089655,0.299213,0.126761,0.610063,0.501468,0.008696,0.619355,0.321429,0
247,0.708333,0.170455,0.653846,0.089655,0.11811,0.183099,0.138365,0.596916,0.147826,0.341935,0.25,0
248,0.333333,0.397727,0.320513,0.137931,0.112861,0.28169,0.245283,0.538179,0.547826,0.36129,0.660714,0
249,0.416667,0.431818,0.333333,0.110345,0.165354,0.084507,0.157233,0.552863,0.356522,0.129032,0.160714,0
250,0.416667,0.431818,0.333333,0.110345,0.165354,0.084507,0.157233,0.552863,0.356522,0.129032,0.160714,0
251,0.302083,0.284091,0.179487,0.144828,0.139108,0.28169,0.232704,0.464758,0.4,0.109677,0.375,0
252,0.4375,0.147727,0.448718,0.068966,0.086614,0.338028,0.320755,0.508811,0.278261,0.619355,0.339286,0
253,0.208333,0.295455,0.346154,0.531034,0.089239,0.323944,0.893082,0.347283,0.26087,0.109677,0.517857,0
254,0.489583,0.193182,0.75641,0.131034,0.11811,0.112676,0.150943,0.552863,0.226087,0.090323,0.642857,0
255,0.260417,0.409091,0.089744,0.034483,0.104987,0.056338,0.08805,0.530837,0.4,0.264516,0.214286,0
256,0.260417,0.409091,0.089744,0.034483,0.104987,0.056338,0.08805,0.530837,0.4,0.264516,0.214286,0
257,0.260417,0.465909,0.076923,0.048276,0.110236,0.112676,0.132075,0.523495,0.434783,0.193548,0.214286,0
258,0.5625,0.136364,0.589744,0.062069,0.041995,0.056338,0.044025,0.538179,0.156522,0.251613,0.321429,0
259,0.375,0.375,0.461538,0.062069,0.493438,0.070423,0.062893,0.582232,0.278261,0.129032,0.196429,0
260,0.6875,0.204545,0.576923,0.075862,0.125984,0.070423,0.056604,0.640969,0.069565,0.167742,0.142857,0
261,0.6875,0.204545,0.576923,0.075862,0.125984,0.070423,0.056604,0.640969,0.069565,0.167742,0.142857,0
262,0.635417,0.272727,0.525641,0.089655,0.131234,0.084507,0.069182,0.611601,0.191304,0.174194,0.160714,0
263,0.635417,0.272727,0.525641,0.089655,0.131234,0.084507,0.069182,0.611601,0.191304,0.174194,0.160714,0
264,0.34375,0.329545,0.294872,0.089655,0.15748,0.211268,0.144654,0.450073,0.304348,0.058065,0.321429,0
265,0.041667,0.352273,0.025641,0.027586,0.0,0.239437,0.238994,0.149046,0.904348,0.141935,0.785714,0
266,0.239583,0.556818,0.025641,0.082759,0.08399,0.098592,0.119497,0.523495,0.530435,0.174194,0.196429,0
267,0.239583,0.556818,0.025641,0.082759,0.08399,0.098592,0.119497,0.523495,0.530435,0.174194,0.196429,0
268,0.739583,0.25,0.705128,0.082759,0.097113,0.056338,0.081761,0.626285,0.217391,0.141935,0.428571,0
269,0.614583,0.977273,0.551282,0.137931,0.110236,0.352113,0.515723,0.611601,0.191304,0.109677,0.303571,0
270,0.239583,0.556818,0.025641,0.082759,0.08399,0.098592,0.119497,0.523495,0.530435,0.174194,0.196429,0
271,0.239583,0.545455,0.025641,0.082759,0.086614,0.112676,0.106918,0.508811,0.530435,0.174194,0.178571,0
272,0.322917,0.4375,0.153846,0.110345,0.089239,0.140845,0.18239,0.435389,0.417391,0.135484,0.571429,0
273,0.520833,0.170455,0.602564,0.048276,0.073491,0.169014,0.169811,0.604258,0.356522,0.167742,0.285714,0
274,0.260417,0.375,0.230769,0.124138,0.091864,0.169014,0.176101,0.486784,0.373913,0.051613,0.142857,0
275,0.354167,0.636364,0.115385,0.131034,0.131234,0.239437,0.27044,0.685022,0.495652,0.206452,0.482143,0
276,0.177083,0.801136,0.038462,0.158621,0.097113,0.366197,0.327044,0.361968,0.652174,0.058065,0.767857,0
277,0.364583,0.488636,0.0,0.110345,0.154856,0.253521,0.327044,0.743759,0.556522,0.16129,0.160714,0
278,0.375,0.681818,0.371795,0.227586,0.107612,0.15493,0.062893,0.4721,0.513043,0.180645,0.553571,0
279,0.270833,0.397727,0.230769,0.082759,0.094488,0.15493,0.138365,0.558737,0.573913,0.212903,0.196429,0
280,0.364583,0.204545,0.487179,0.110345,0.120735,0.15493,0.320755,0.567548,0.382609,0.045161,0.107143,0
281,0.260417,0.386364,0.230769,0.082759,0.097113,0.15493,0.157233,0.553598,0.573913,0.206452,0.214286,0
282,0.270833,0.397727,0.230769,0.082759,0.094488,0.15493,0.138365,0.558737,0.573913,0.212903,0.196429,0
283,0.322917,0.363636,0.871795,0.055172,1.0,0.183099,0.163522,0.476505,0.2,0.425806,0.125,0
284,0.322917,0.852273,0.089744,0.068966,0.062992,0.295775,0.257862,0.380323,0.565217,0.019355,0.410714,0
285,0.166667,0.931818,0.012821,0.075862,0.060367,0.197183,0.169811,0.353157,0.643478,0.03871,0.5,0
286,0.427083,0.613636,0.0,0.055172,0.091864,0.098592,0.081761,0.509545,0.391304,0.083871,0.285714,0
287,0.458333,0.590909,0.141026,0.131034,0.154856,0.140845,0.238994,0.646843,0.391304,0.096774,0.196429,0
288,0.46875,0.579545,0.128205,0.144828,0.149606,0.15493,0.264151,0.646843,0.391304,0.090323,0.196429,0
289,0.25,0.488636,0.025641,0.096552,0.125984,0.323944,0.553459,0.541116,0.6,0.083871,0.232143,0
290,0.25,0.488636,0.025641,0.096552,0.125984,0.323944,0.553459,0.541116,0.6,0.083871,0.232143,0
291,0.333333,0.272727,0.371795,0.062069,0.322835,0.0,0.238994,0.530837,0.382609,0.335484,0.196429,0
292,0.333333,0.272727,0.384615,0.062069,0.322835,0.014085,0.245283,0.528634,0.391304,0.329032,0.196429,0
293,0.229167,0.6875,0.230769,0.103448,0.548556,0.06338,0.264151,0.4442,0.469565,0.129032,0.339286,0
294,0.229167,0.539773,0.217949,0.103448,0.543307,0.070423,0.075472,0.442731,0.469565,0.122581,0.339286,0
295,0.239583,0.465909,0.0,0.075862,0.409449,0.15493,0.245283,0.491189,0.391304,0.129032,0.178571,0
296,0.552083,0.454545,0.307692,0.089655,0.11811,0.253521,0.327044,0.662996,0.278261,0.103226,0.303571,0
297,0.552083,0.454545,0.307692,0.089655,0.11811,0.253521,0.327044,0.662996,0.278261,0.103226,0.303571,0
298,0.28125,0.238636,0.551282,0.117241,0.125984,0.239437,0.477987,0.514684,0.408696,0.180645,0.232143,0
299,0.25,0.511364,0.025641,0.110345,0.12336,0.225352,0.509434,0.54185,0.53913,0.129032,0.232143,0
300,0.5625,0.125,0.692308,0.096552,0.081365,0.084507,0.125786,0.384728,0.269565,0.083871,0.732143,0
301,0.489583,0.386364,0.435897,0.186207,0.125984,0.056338,0.050314,0.633627,0.373913,0.077419,0.410714,0
302,0.489583,0.386364,0.435897,0.186207,0.125984,0.056338,0.050314,0.633627,0.373913,0.077419,0.410714,0
303,0.3125,0.454545,0.102564,0.110345,0.209974,0.183099,0.251572,0.516153,0.330435,0.167742,0.214286,0
304,0.385417,0.409091,0.282051,0.124138,0.131234,0.042254,0.075472,0.495595,0.347826,0.109677,0.267857,0
305,0.302083,0.363636,0.397436,0.131034,0.094488,0.042254,0.056604,0.503671,0.313043,0.096774,0.339286,0
306,0.854167,0.386364,0.705128,0.131034,0.099738,0.084507,0.113208,0.737885,0.2,0.180645,0.446429,0
307,0.822917,0.284091,0.692308,0.131034,0.181102,0.253521,0.220126,0.684288,0.304348,0.232258,0.517857,0
308,0.53125,0.397727,0.24359,0.158621,0.12336,0.098592,0.150943,0.611601,0.321739,0.116129,0.375,0
309,0.635417,0.147727,0.538462,0.048276,0.131234,0.253521,0.132075,0.395007,0.365217,0.212903,0.625,0
310,0.322917,0.465909,0.115385,0.096552,0.081365,0.464789,0.245283,0.301028,0.521739,0.219355,0.767857,1
311,0.125,0.511364,0.102564,0.082759,0.097113,0.211268,0.113208,0.270925,0.608696,0.23871,0.482143,0
312,0.125,0.511364,0.102564,0.082759,0.097113,0.211268,0.113208,0.270925,0.608696,0.23871,0.482143,0
313,0.614583,0.386364,0.576923,0.117241,0.223097,0.464789,0.389937,0.514684,0.321739,0.206452,0.446429,0
314,0.541667,0.102273,0.589744,0.055172,0.073491,0.352113,0.226415,0.428047,0.278261,0.277419,0.392857,0
315,0.28125,0.590909,0.205128,0.062069,0.115486,0.15493,0.207547,0.560206,0.556522,0.193548,0.267857,0
316,0.479167,0.227273,0.5,0.041379,0.120735,0.56338,0.308176,0.473568,0.530435,0.212903,0.446429,0
317,0.479167,0.227273,0.5,0.041379,0.120735,0.56338,0.308176,0.473568,0.530435,0.212903,0.446429,0
318,0.479167,0.227273,0.5,0.041379,0.120735,0.56338,0.308176,0.473568,0.530435,0.212903,0.446429,0
319,0.21875,0.454545,0.282051,0.062069,0.104987,0.197183,0.113208,0.316446,0.469565,0.270968,0.5,0
320,0.114583,0.965909,0.846154,0.075862,0.013123,0.197183,0.515723,0.256975,0.695652,0.129032,0.553571,0
321,0.21875,0.375,0.282051,0.096552,0.097113,0.169014,0.113208,0.316446,0.478261,0.277419,0.517857,0
322,0.229167,0.397727,0.294872,0.075862,0.099738,0.169014,0.100629,0.316446,0.469565,0.283871,0.5,0
323,0.21875,0.454545,0.282051,0.062069,0.104987,0.197183,0.113208,0.316446,0.469565,0.270968,0.5,0
324,0.302083,0.534091,0.038462,0.075862,0.120735,0.366197,0.232704,0.419236,0.504348,0.154839,0.446429,0
325,0.3125,0.630682,0.012821,0.082759,0.07874,0.422535,0.232704,0.267254,0.478261,0.109677,0.607143,0
326,0.3125,0.630682,0.012821,0.082759,0.07874,0.422535,0.232704,0.267254,0.478261,0.109677,0.607143,0
327,0.427083,0.511364,0.24359,0.213793,0.15748,0.408451,0.396226,0.572687,0.313043,0.064516,0.285714,0
328,0.302083,0.630682,0.0,0.082759,0.089239,0.408451,0.18239,0.386197,0.53913,0.16129,0.535714,0
329,0.385417,0.170455,0.371795,0.151724,0.419948,0.183099,0.125786,0.388399,0.313043,0.245161,0.642857,0
330,0.427083,0.511364,0.24359,0.213793,0.15748,0.408451,0.396226,0.572687,0.313043,0.064516,0.285714,0
331,0.447917,0.727273,0.153846,0.103448,0.128609,0.098592,0.138365,0.608664,0.408696,0.16129,0.357143,0
332,0.21875,0.465909,0.0,0.110345,0.099738,0.43662,0.36478,0.35536,0.495652,0.103226,0.5,0
333,0.5625,0.329545,0.294872,0.068966,0.125984,0.126761,0.075472,0.563142,0.313043,0.16129,0.160714,0
334,0.260417,0.534091,0.038462,0.089655,0.120735,0.225352,0.515723,0.54185,0.582609,0.116129,0.25,0
335,0.25,0.488636,0.012821,0.096552,0.120735,0.366197,0.232704,0.398678,0.486957,0.116129,0.410714,0
336,0.25,0.488636,0.012821,0.096552,0.120735,0.366197,0.232704,0.398678,0.486957,0.116129,0.410714,0
337,0.145833,0.454545,0.0,0.089655,0.11811,0.070423,0.018868,0.347283,0.634783,0.090323,0.553571,0
338,0.28125,0.409091,0.166667,0.103448,0.115486,0.464789,0.345912,0.382526,0.495652,0.122581,0.428571,0
339,0.270833,0.164773,0.5,0.02069,0.065617,0.084507,0.031447,0.237885,0.373913,0.077419,0.553571,0
340,0.479167,0.25,0.615385,0.2,0.257218,0.028169,0.031447,0.418502,0.321739,0.109677,0.857143,0
341,0.458333,0.136364,0.589744,0.558621,0.209974,0.028169,0.018868,0.656388,0.278261,0.129032,0.446429,0
342,0.552083,0.340909,0.564103,0.137931,0.081365,0.042254,0.012579,0.489721,0.408696,0.141935,0.678571,0
343,0.270833,0.164773,0.5,0.02069,0.065617,0.084507,0.031447,0.237885,0.373913,0.077419,0.553571,0
344,0.40625,0.176136,0.512821,0.089655,0.11811,0.028169,0.0,0.370778,0.356522,0.174194,0.625,0
345,0.21875,0.284091,0.397436,0.544828,0.131234,0.352113,0.245283,0.599853,0.452174,0.154839,0.303571,0
346,0.385417,0.227273,0.410256,0.089655,0.12336,0.43662,0.459119,0.464758,0.382609,0.206452,0.464286,0
347,0.385417,0.522727,0.153846,0.062069,0.099738,0.521127,0.251572,0.364905,0.452174,0.316129,0.607143,0
348,0.385417,0.227273,0.410256,0.089655,0.12336,0.43662,0.459119,0.464758,0.382609,0.206452,0.464286,0
349,0.385417,0.522727,0.153846,0.062069,0.099738,0.521127,0.251572,0.364905,0.452174,0.316129,0.607143,0
350,0.21875,0.284091,0.397436,0.544828,0.131234,0.352113,0.245283,0.599853,0.452174,0.154839,0.303571,0
351,0.489583,0.090909,0.423077,0.096552,0.070866,0.71831,0.421384,0.571953,0.530435,0.322581,0.321429,0
352,0.302083,0.272727,0.371795,0.068966,0.115486,0.394366,0.377358,0.516153,0.513043,0.122581,0.196429,0
353,0.427083,0.159091,0.487179,0.096552,0.068241,0.253521,0.415094,0.393539,0.46087,0.206452,0.607143,0
354,0.427083,0.159091,0.487179,0.096552,0.068241,0.253521,0.415094,0.393539,0.46087,0.206452,0.607143,0
355,0.302083,0.306818,0.512821,0.124138,0.125984,0.070423,0.031447,0.389868,0.504348,0.090323,0.678571,0
356,0.447917,0.227273,0.666667,0.082759,0.2021,0.056338,0.025157,0.411894,0.391304,0.141935,0.517857,0
357,0.5,0.238636,0.666667,0.075862,0.141732,0.15493,0.283019,0.444934,0.373913,0.116129,0.482143,0
358,0.395833,0.352273,0.346154,0.068966,0.062992,0.239437,0.201258,0.375184,0.26087,0.290323,0.482143,0
359,0.427083,0.125,0.5,0.075862,0.173228,0.267606,0.132075,0.395742,0.252174,0.187097,0.5,0
360,0.395833,0.352273,0.346154,0.068966,0.062992,0.239437,0.201258,0.375184,0.26087,0.290323,0.482143,0
361,0.375,0.204545,0.512821,0.103448,0.081365,0.323944,0.264151,0.401615,0.417391,0.296774,0.464286,0
362,0.447917,0.272727,0.551282,0.103448,0.089239,0.394366,0.251572,0.310573,0.295652,0.129032,0.678571,0
363,0.59375,0.113636,0.615385,0.068966,0.08399,0.070423,0.025157,0.526432,0.408696,0.303226,0.446429,0
364,0.59375,0.113636,0.615385,0.068966,0.08399,0.070423,0.025157,0.526432,0.408696,0.303226,0.446429,0
365,0.458333,0.386364,0.384615,0.068966,0.081365,0.098592,0.069182,0.563142,0.4,0.2,0.375,0
366,0.270833,0.409091,0.410256,0.082759,0.094488,0.704225,0.402516,0.301762,0.417391,0.270968,0.803571,0
367,0.458333,0.386364,0.384615,0.068966,0.081365,0.098592,0.069182,0.563142,0.4,0.2,0.375,0
368,0.28125,0.477273,0.0,0.075862,0.07874,0.084507,0.031447,0.407489,0.513043,0.116129,0.517857,0
369,0.520833,0.153409,0.512821,0.041379,0.102362,0.183099,0.09434,0.403084,0.243478,0.070968,0.446429,0
370,0.1875,0.272727,0.128205,0.075862,0.110236,0.408451,0.257862,0.401615,0.434783,0.051613,0.178571,0
371,0.3125,0.5,0.076923,0.075862,0.11811,0.253521,0.220126,0.506608,0.46087,0.141935,0.303571,0
372,0.4375,0.772727,0.435897,0.034483,0.041995,0.042254,0.025157,0.401615,0.226087,0.051613,0.125,0
373,0.177083,0.602273,0.0,0.051724,0.055118,0.084507,0.037736,0.113803,0.530435,0.083871,0.803571,0
374,0.4375,0.181818,0.397436,0.075862,0.141732,0.15493,0.081761,0.413363,0.269565,0.096774,0.357143,0
375,0.291667,0.625,0.0,0.048276,0.152231,0.295775,0.157233,0.461087,0.452174,0.116129,0.285714,0
376,0.34375,0.477273,0.205128,0.075862,0.225722,0.028169,0.006289,0.328194,0.313043,0.116129,0.5,0
377,0.604167,0.261364,0.589744,0.089655,0.107612,0.183099,0.132075,0.433921,0.173913,0.283871,0.535714,0
378,0.34375,0.022727,0.474359,0.0,0.03937,0.492958,0.647799,0.0,0.026087,0.025806,0.767857,0
379,0.34375,0.022727,0.474359,0.0,0.03937,0.492958,0.647799,0.0,0.026087,0.025806,0.767857,0
380,0.6875,0.227273,0.846154,0.103448,0.233596,0.028169,0.012579,0.466226,0.295652,0.083871,0.625,0
381,0.6875,0.227273,0.846154,0.103448,0.233596,0.028169,0.012579,0.466226,0.295652,0.083871,0.625,0
382,0.364583,0.181818,0.538462,0.096552,0.167979,0.028169,0.018868,0.366373,0.356522,0.096774,0.696429,0
383,0.40625,0.761364,0.0,0.131034,0.160105,0.225352,0.232704,0.598385,0.408696,0.129032,0.357143,0
384,0.333333,0.170455,0.410256,0.068966,0.08399,0.183099,0.188679,0.262115,0.478261,0.103226,0.75,0
385,0.260417,0.204545,0.269231,0.110345,0.107612,0.56338,0.389937,0.42511,0.443478,0.090323,0.303571,0
386,0.291667,0.465909,0.102564,0.117241,0.144357,0.183099,0.132075,0.429515,0.382609,0.122581,0.357143,0
387,0.4375,0.664773,0.230769,0.110345,0.112861,0.197183,0.264151,0.537445,0.295652,0.045161,0.232143,0
388,0.4375,0.386364,0.269231,0.089655,0.141732,0.28169,0.207547,0.502937,0.408696,0.277419,0.482143,0
389,0.229167,0.375,0.24359,0.055172,0.11811,0.169014,0.125786,0.396476,0.452174,0.154839,0.25,0
390,0.4375,0.386364,0.269231,0.089655,0.141732,0.28169,0.207547,0.502937,0.408696,0.277419,0.482143,0
391,0.177083,0.261364,0.423077,0.165517,0.031496,0.15493,0.295597,0.21072,0.434783,0.141935,0.678571,0
392,0.229167,0.318182,0.0,0.034483,0.094488,0.43662,0.201258,0.316446,0.4,0.116129,0.535714,0
393,0.302083,0.704545,0.0,0.055172,0.110236,0.450704,0.245283,0.4442,0.391304,0.141935,0.410714,0
394,0.479167,0.375,0.461538,0.055172,0.12336,0.028169,0.050314,0.510279,0.356522,0.245161,0.446429,0
395,0.479167,0.386364,0.461538,0.062069,0.131234,0.070423,0.069182,0.511747,0.356522,0.23871,0.428571,0
396,0.364583,0.545455,0.346154,0.075862,0.160105,0.056338,0.446541,0.543319,0.234783,0.141935,0.125,0
397,0.364583,0.545455,0.346154,0.075862,0.160105,0.056338,0.446541,0.543319,0.234783,0.141935,0.125,0
398,0.71875,0.079545,0.730769,0.062069,0.104987,0.028169,0.012579,0.589574,0.243478,0.193548,0.267857,0
399,0.458333,0.272727,0.641026,0.062069,0.097113,0.084507,0.062893,0.334068,0.304348,0.187097,0.732143,1
400,0.34375,0.25,0.564103,0.068966,0.167979,0.070423,0.056604,0.406021,0.382609,0.154839,0.535714,0
401,0.572917,0.147727,0.833333,0.103448,0.107612,0.070423,0.069182,0.409692,0.313043,0.148387,0.607143,0
402,0.364583,0.659091,0.115385,0.075862,0.086614,0.056338,0.025157,0.301762,0.365217,0.109677,0.607143,0
403,0.3125,0.511364,0.230769,0.103448,0.128609,0.070423,0.08805,0.457416,0.373913,0.129032,0.321429,0
404,0.260417,0.215909,0.333333,0.062069,0.128609,0.450704,0.433962,0.494126,0.469565,0.116129,0.196429,0
405,0.34375,0.522727,0.423077,0.124138,0.141732,0.211268,0.194969,0.523495,0.391304,0.116129,0.410714,0
406,0.541667,0.181818,0.717949,0.075862,0.102362,0.028169,0.012579,0.386931,0.252174,0.212903,0.535714,0
407,0.583333,0.125,0.717949,0.034483,0.034121,0.028169,0.012579,0.340675,0.26087,0.070968,0.607143,0
408,0.260417,0.25,0.384615,0.062069,0.102362,0.422535,0.402516,0.497797,0.486957,0.122581,0.196429,0
409,0.416667,0.295455,0.576923,0.103448,0.099738,0.43662,0.333333,0.447871,0.408696,0.23871,0.642857,0
410,0.260417,0.25,0.384615,0.062069,0.102362,0.422535,0.402516,0.497797,0.486957,0.122581,0.196429,0
411,0.333333,0.034091,0.538462,0.048276,0.060367,0.239437,0.150943,0.288546,0.373913,0.187097,0.5,0
412,0.552083,0.113636,0.692308,0.068966,0.128609,0.577465,0.427673,0.325991,0.104348,0.148387,0.607143,1
413,0.333333,0.204545,0.538462,0.075862,0.136483,0.098592,0.081761,0.395742,0.426087,0.129032,0.535714,0
414,0.239583,0.431818,0.115385,0.075862,0.12336,0.126761,0.062893,0.346549,0.495652,0.122581,0.553571,0
415,0.197917,0.642045,0.115385,0.317241,0.217848,0.112676,0.069182,0.475771,0.426087,0.058065,0.428571,0
416,0.197917,0.642045,0.115385,0.317241,0.217848,0.112676,0.069182,0.475771,0.426087,0.058065,0.428571,0
417,0.385417,0.204545,0.538462,0.082759,0.099738,0.309859,0.188679,0.282673,0.217391,0.245161,0.714286,0
418,0.28125,0.375,0.346154,0.082759,0.097113,0.183099,0.119497,0.279736,0.426087,0.148387,0.642857,0
419,0.145833,0.363636,0.115385,0.055172,0.115486,0.239437,0.150943,0.290015,0.513043,0.090323,0.5,0
420,0.28125,0.375,0.346154,0.082759,0.097113,0.183099,0.119497,0.279736,0.426087,0.148387,0.642857,0
421,0.34375,0.363636,0.435897,0.089655,0.102362,0.211268,0.119497,0.259178,0.365217,0.167742,0.714286,0
422,0.364583,0.079545,0.538462,0.068966,0.091864,0.112676,0.069182,0.270925,0.304348,0.090323,0.696429,0
423,0.635417,0.352273,0.551282,0.082759,0.35958,0.366197,0.377358,0.596916,0.269565,0.232258,0.428571,0
424,0.375,0.420455,0.0,0.034483,0.094488,0.070423,0.050314,0.43025,0.33913,0.154839,0.285714,0
425,0.333333,0.193182,0.525641,0.041379,0.057743,0.070423,0.18239,0.285609,0.373913,0.2,0.464286,0
426,0.4375,0.090909,0.5,0.048276,0.104987,0.028169,0.025157,0.507342,0.226087,0.122581,0.196429,0
427,0.03125,0.272727,0.641026,0.234483,0.031496,0.394366,0.465409,0.009545,0.547826,0.167742,0.928571,0
428,0.239583,0.602273,0.089744,0.110345,0.149606,0.197183,0.09434,0.414831,0.452174,0.129032,0.517857,0
429,0.239583,0.602273,0.089744,0.110345,0.149606,0.197183,0.09434,0.414831,0.452174,0.129032,0.517857,0
430,0.239583,0.602273,0.089744,0.110345,0.149606,0.197183,0.09434,0.414831,0.452174,0.129032,0.517857,0
431,0.25,0.261364,0.153846,0.082759,0.081365,0.183099,0.113208,0.179883,0.382609,0.083871,0.875,0
432,0.333333,0.431818,0.435897,0.110345,0.110236,0.098592,0.069182,0.167401,0.295652,0.206452,0.839286,1
433,0.197917,0.386364,0.0,0.062069,0.073491,0.28169,0.138365,0.253304,0.504348,0.096774,0.696429,0
434,0.166667,0.352273,0.0,0.034483,0.055118,0.366197,0.169811,0.156388,0.513043,0.051613,0.696429,0
435,0.625,0.272727,0.474359,0.068966,0.12336,0.225352,0.144654,0.489721,0.226087,0.16129,0.5,0
436,0.114583,0.147727,0.333333,0.055172,0.076115,0.028169,0.031447,0.104993,0.46087,0.090323,0.910714,0
437,0.166667,0.681818,0.0,0.137931,0.099738,0.352113,0.289308,0.273128,0.565217,0.129032,0.553571,0
438,0.604167,0.306818,0.448718,0.165517,0.152231,0.323944,0.402516,0.580764,0.304348,0.187097,0.375,0
439,0.458333,0.5,0.0,0.068966,0.062992,0.056338,0.025157,0.560206,0.278261,0.148387,0.357143,0
440,0.34375,0.102273,0.551282,0.055172,0.086614,0.295775,0.27673,0.332599,0.452174,0.129032,0.625,0
441,0.59375,0.409091,0.576923,0.075862,0.120735,0.070423,0.044025,0.563142,0.313043,0.232258,0.535714,0
442,0.59375,0.409091,0.576923,0.075862,0.120735,0.070423,0.044025,0.563142,0.313043,0.232258,0.535714,0
443,0.364583,0.397727,0.307692,0.075862,0.11811,0.211268,0.503145,0.5558,0.417391,0.154839,0.196429,0
444,0.270833,0.272727,0.384615,0.055172,0.120735,0.450704,0.459119,0.501468,0.478261,0.16129,0.196429,0
445,0.364583,0.25,0.410256,0.110345,0.120735,0.323944,0.408805,0.45301,0.356522,0.290323,0.464286,0
446,0.229167,0.329545,0.141026,0.103448,0.023622,0.070423,0.037736,0.254772,0.382609,0.16129,0.535714,0
447,0.239583,0.068182,0.384615,0.062069,0.081365,0.211268,0.08805,0.488253,0.652174,0.270968,0.285714,0
448,0.364583,0.045455,0.551282,0.110345,0.110236,0.422535,0.283019,0.488253,0.582609,0.264516,0.357143,0
449,0.322917,0.386364,0.153846,0.062069,0.377953,0.070423,0.09434,0.435389,0.365217,0.303226,0.25,0
450,0.322917,0.261364,0.538462,0.075862,0.136483,0.112676,0.09434,0.381057,0.46087,0.167742,0.571429,0
451,0.552083,0.215909,0.602564,0.075862,0.070866,0.070423,0.031447,0.424376,0.321739,0.077419,0.642857,0
452,0.145833,0.477273,0.294872,0.110345,0.026247,0.211268,0.402516,0.253304,0.521739,0.16129,0.732143,0
453,0.510417,0.295455,0.448718,0.082759,0.128609,0.225352,0.201258,0.451542,0.321739,0.167742,0.482143,0
454,0.197917,0.477273,0.0,0.089655,0.173228,0.690141,0.358491,0.394273,0.634783,0.180645,0.535714,0
455,0.208333,0.284091,0.551282,0.131034,0.110236,0.295775,0.301887,0.414831,0.486957,0.490323,0.392857,0
456,0.427083,0.329545,0.551282,0.034483,0.110236,0.15493,0.09434,0.399413,0.304348,0.225806,0.321429,0
457,0.1875,0.204545,0.346154,0.131034,0.086614,0.098592,0.238994,0.276799,0.304348,0.103226,0.642857,0
458,0.302083,0.386364,0.371795,0.096552,0.136483,0.056338,0.050314,0.363436,0.4,0.141935,0.553571,0
459,0.46875,0.227273,0.435897,0.048276,0.073491,0.056338,0.037736,0.484581,0.295652,0.174194,0.375,0
460,0.25,0.488636,0.0,0.089655,0.115486,0.352113,0.238994,0.37812,0.486957,0.180645,0.428571,0
461,0.520833,0.295455,0.589744,0.082759,0.104987,0.056338,0.062893,0.471366,0.356522,0.219355,0.696429,0
462,0.302083,0.227273,0.397436,0.055172,0.11811,0.352113,0.371069,0.520558,0.521739,0.141935,0.196429,0
463,0.302083,0.227273,0.397436,0.055172,0.11811,0.352113,0.371069,0.520558,0.521739,0.141935,0.196429,0
464,0.1875,0.511364,0.0,0.089655,0.160105,0.661972,0.333333,0.39207,0.652174,0.193548,0.553571,0
465,0.364583,0.215909,0.423077,0.103448,0.110236,0.140845,0.257862,0.434655,0.356522,0.264516,0.464286,0
466,0.364583,0.215909,0.423077,0.103448,0.110236,0.140845,0.257862,0.434655,0.356522,0.264516,0.464286,0
467,0.572917,0.272727,0.512821,0.110345,0.089239,0.56338,0.301887,0.548458,0.452174,0.296774,0.375,0
468,0.239583,0.306818,0.384615,0.075862,0.133858,0.070423,0.207547,0.248899,0.408696,0.03871,0.625,0
469,0.239583,0.306818,0.384615,0.075862,0.133858,0.070423,0.207547,0.248899,0.408696,0.03871,0.625,0
470,0.458333,0.272727,0.730769,0.255172,0.120735,0.070423,0.08805,0.473568,0.365217,0.109677,0.732143,0
471,0.239583,0.664773,0.153846,0.062069,0.209974,0.197183,0.36478,0.426579,0.313043,0.122581,0.196429,0
472,0.15625,0.306818,0.282051,0.062069,0.115486,0.28169,0.314465,0.459618,0.573913,0.129032,0.196429,0
473,0.333333,0.477273,0.294872,0.096552,0.110236,0.309859,0.553459,0.498532,0.304348,0.116129,0.196429,0
474,0.3125,0.465909,0.269231,0.041379,0.091864,0.042254,0.018868,0.331131,0.26087,0.090323,0.25,0
475,0.3125,0.113636,0.333333,0.075862,0.047244,0.253521,0.446541,0.36931,0.252174,0.251613,0.446429,0
476,0.333333,0.477273,0.294872,0.096552,0.110236,0.309859,0.553459,0.498532,0.304348,0.116129,0.196429,0
477,0.3125,0.465909,0.269231,0.041379,0.091864,0.042254,0.018868,0.331131,0.26087,0.090323,0.25,0
478,0.40625,0.295455,0.5,0.062069,0.089239,0.070423,0.037736,0.373715,0.426087,0.187097,0.589286,1
479,0.21875,0.556818,0.025641,0.082759,0.115486,0.098592,0.056604,0.360499,0.426087,0.141935,0.357143,0
480,0.21875,0.556818,0.025641,0.082759,0.115486,0.098592,0.056604,0.360499,0.426087,0.141935,0.357143,0
481,0.510417,0.25,0.538462,0.068966,0.097113,0.056338,0.044025,0.478708,0.252174,0.225806,0.375,0
482,0.572917,0.193182,0.589744,0.068966,0.12336,0.070423,0.018868,0.455947,0.208696,0.051613,0.357143,0
483,0.427083,0.125,0.589744,0.082759,0.160105,0.267606,0.144654,0.353157,0.347826,0.103226,0.517857,0
484,0.333333,0.465909,0.397436,0.075862,0.11811,0.126761,0.459119,0.491924,0.373913,0.187097,0.196429,0
485,0.364583,0.204545,0.474359,0.068966,0.060367,0.591549,0.427673,0.29442,0.321739,0.264516,0.642857,0
486,0.364583,0.272727,0.397436,0.068966,0.125984,0.098592,0.113208,0.435389,0.330435,0.187097,0.392857,0
487,0.447917,0.261364,0.512821,0.027586,0.026247,0.338028,0.27673,0.345815,0.295652,0.277419,0.446429,0
488,0.645833,0.181818,0.666667,0.062069,0.257218,0.225352,0.238994,0.533774,0.365217,0.23871,0.553571,0
489,0.645833,0.181818,0.666667,0.062069,0.257218,0.225352,0.238994,0.533774,0.365217,0.23871,0.553571,0
490,0.354167,0.420455,0.282051,0.089655,0.115486,0.450704,0.522013,0.492658,0.347826,0.03871,0.214286,0
491,0.604167,0.227273,0.602564,0.089655,0.104987,0.112676,0.106918,0.463289,0.321739,0.232258,0.642857,0
492,0.822917,0.261364,0.628205,0.110345,0.120735,0.098592,0.08805,0.670338,0.182609,0.270968,0.339286,0
493,0.3125,0.022727,0.435897,0.124138,0.08399,0.197183,0.327044,0.339941,0.443478,0.245161,0.607143,0
494,0.25,0.670455,0.012821,0.089655,0.065617,0.140845,0.075472,0.17254,0.46087,0.0,0.785714,0
495,0.322917,0.443182,0.0,0.055172,0.094488,0.084507,0.069182,0.478708,0.347826,0.154839,0.178571,0
496,0.25,0.670455,0.012821,0.089655,0.065617,0.140845,0.075472,0.17254,0.46087,0.0,0.785714,0
497,0.447917,0.272727,0.525641,0.075862,0.062992,0.197183,0.213836,0.298825,0.313043,0.129032,0.678571,0
498,0.125,0.147727,0.320513,0.862069,0.086614,1.0,0.968553,0.524229,0.408696,0.090323,0.339286,0
499,0.229167,0.284091,0.423077,0.089655,0.12336,0.295775,0.188679,0.354626,0.478261,0.225806,0.482143,0
500,0.25,0.5,0.012821,0.096552,0.11811,0.323944,0.194969,0.372247,0.469565,0.135484,0.446429,0
501,0.25,0.5,0.012821,0.096552,0.11811,0.323944,0.194969,0.372247,0.469565,0.135484,0.446429,0
502,0.239583,0.477273,0.358974,0.268966,0.133858,0.15493,0.396226,0.459618,0.4,0.193548,0.464286,0
503,0.21875,0.545455,0.0,0.124138,0.233596,0.197183,0.169811,0.389868,0.504348,0.148387,0.517857,0
504,0.21875,0.545455,0.0,0.124138,0.233596,0.197183,0.169811,0.389868,0.504348,0.148387,0.517857,0
505,0.395833,0.238636,0.410256,0.062069,0.08399,0.352113,0.283019,0.329662,0.452174,0.206452,0.607143,0
506,0.260417,0.465909,0.064103,0.096552,0.12336,0.211268,0.188679,0.408957,0.452174,0.129032,0.339286,0
507,0.260417,0.465909,0.064103,0.096552,0.12336,0.211268,0.188679,0.408957,0.452174,0.129032,0.339286,0
508,0.59375,0.306818,0.641026,0.096552,0.089239,0.169014,0.081761,0.435389,0.208696,0.303226,0.535714,0
509,0.229167,0.284091,0.397436,0.075862,0.11811,0.28169,0.283019,0.485316,0.530435,0.096774,0.196429,0
510,0.083333,0.375,0.038462,0.062069,0.026247,0.380282,0.509434,0.053598,0.556522,0.270968,1.0,1
511,0.03125,0.25,0.012821,0.048276,0.036745,0.352113,0.339623,0.056535,0.730435,0.225806,1.0,0
512,0.270833,0.318182,0.25641,0.048276,0.03937,0.323944,0.36478,0.251836,0.452174,0.109677,0.589286,0
513,0.322917,0.477273,0.166667,0.082759,0.178478,0.225352,0.188679,0.317915,0.330435,0.083871,0.5,0
514,0.34375,0.630682,0.282051,0.096552,0.107612,0.169014,0.471698,0.5,0.330435,0.090323,0.196429,0
515,0.239583,0.602273,0.0,0.068966,0.209974,0.028169,0.025157,0.461821,0.426087,0.129032,0.232143,0
516,0.34375,0.630682,0.282051,0.096552,0.107612,0.169014,0.471698,0.5,0.330435,0.090323,0.196429,0
517,0.25,0.340909,0.25641,0.068966,0.112861,0.380282,0.301887,0.406021,0.443478,0.154839,0.357143,0
518,0.25,0.340909,0.25641,0.068966,0.112861,0.380282,0.301887,0.406021,0.443478,0.154839,0.357143,0
519,0.333333,0.6875,0.0,0.075862,0.131234,0.112676,0.100629,0.449339,0.408696,0.180645,0.446429,0
520,0.416667,0.534091,0.358974,0.124138,0.16273,0.225352,0.396226,0.533774,0.347826,0.148387,0.321429,0
521,0.25,0.0,0.564103,0.110345,0.089239,0.225352,0.157233,0.235683,0.426087,0.090323,0.714286,0
522,0.364583,0.539773,0.128205,0.082759,0.102362,0.338028,0.339623,0.463289,0.373913,0.225806,0.446429,0
523,0.125,0.267045,0.166667,0.103448,0.057743,0.183099,0.138365,0.260646,0.66087,0.174194,0.714286,0
524,0.364583,0.539773,0.128205,0.082759,0.102362,0.338028,0.339623,0.463289,0.373913,0.225806,0.446429,0
525,0.260417,0.420455,0.179487,0.082759,0.07874,0.197183,0.144654,0.232012,0.426087,0.135484,0.660714,0
526,0.104167,0.5,0.0,0.034483,0.076115,0.140845,0.075472,0.135095,0.513043,0.103226,0.678571,0
527,0.052083,0.551136,0.0,0.086207,0.120735,0.197183,0.138365,0.320852,0.8,0.135484,0.732143,0
528,0.208333,0.795455,0.089744,0.075862,0.173228,0.267606,0.320755,0.433921,0.643478,0.219355,0.589286,0
529,0.458333,0.238636,0.410256,0.082759,0.07874,0.042254,0.056604,0.417768,0.382609,0.258065,0.5,0
530,0.1875,0.397727,0.192308,0.144828,0.07874,0.15493,0.132075,0.207783,0.408696,0.122581,0.785714,0
531,0.239583,0.227273,0.269231,0.096552,0.136483,0.267606,0.371069,0.404552,0.469565,0.090323,0.303571,0
532,0.239583,0.227273,0.269231,0.103448,0.136483,0.323944,0.396226,0.403084,0.469565,0.083871,0.303571,0
533,0.291667,0.534091,0.346154,0.075862,0.128609,0.225352,0.534591,0.447137,0.347826,0.116129,0.25,0
534,0.072917,0.659091,0.0,0.02069,0.018373,0.211268,0.251572,0.184288,1.0,0.122581,0.732143,0
535,0.541667,0.318182,0.589744,0.089655,0.149606,0.126761,0.220126,0.463289,0.278261,0.187097,0.625,0
536,0.291667,0.534091,0.346154,0.075862,0.128609,0.225352,0.534591,0.447137,0.347826,0.116129,0.25,0
537,0.458333,0.681818,0.871795,0.055172,0.997375,0.239437,0.36478,0.473568,0.034783,0.6,0.125,0
538,0.03125,0.659091,0.0,0.02069,0.018373,0.211268,0.251572,0.184288,1.0,0.122581,0.732143,0
539,0.208333,0.340909,0.307692,0.055172,0.112861,0.239437,0.176101,0.347283,0.46087,0.129032,0.392857,0
540,0.208333,0.340909,0.307692,0.055172,0.112861,0.239437,0.176101,0.347283,0.46087,0.129032,0.392857,0
541,0.208333,0.340909,0.307692,0.055172,0.112861,0.239437,0.176101,0.347283,0.46087,0.129032,0.392857,0
542,0.208333,0.340909,0.307692,0.055172,0.112861,0.239437,0.176101,0.347283,0.46087,0.129032,0.392857,0
543,0.28125,0.5,0.333333,0.082759,0.128609,0.225352,0.534591,0.447137,0.373913,0.103226,0.25,0
544,0.28125,0.5,0.333333,0.082759,0.128609,0.225352,0.534591,0.447137,0.373913,0.103226,0.25,0
545,0.385417,0.261364,0.128205,0.055172,0.107612,0.070423,0.119497,0.421439,0.2,0.019355,0.232143,0
546,0.197917,0.477273,0.025641,0.103448,0.091864,0.253521,0.213836,0.279001,0.452174,0.167742,0.75,0
547,0.291667,0.397727,0.025641,0.055172,0.131234,0.169014,0.157233,0.389868,0.434783,0.090323,0.375,0
548,0.291667,0.397727,0.025641,0.055172,0.131234,0.169014,0.157233,0.389868,0.434783,0.090323,0.375,0
549,0.291667,0.397727,0.025641,0.055172,0.131234,0.169014,0.157233,0.389868,0.434783,0.090323,0.375,0
550,0.302083,0.431818,0.025641,0.055172,0.133858,0.225352,0.157233,0.427313,0.443478,0.070968,0.357143,0
551,0.291667,0.397727,0.025641,0.055172,0.131234,0.169014,0.157233,0.389868,0.434783,0.090323,0.375,0
552,0.364583,0.318182,0.307692,0.096552,0.076115,0.126761,0.138365,0.444934,0.33913,0.083871,0.321429,0
553,0.260417,0.522727,0.012821,0.096552,0.081365,0.098592,0.251572,0.23862,0.4,0.070968,0.607143,0
554,0.270833,0.306818,0.307692,0.110345,0.115486,0.366197,0.383648,0.470631,0.643478,0.122581,0.482143,0
555,0.71875,0.357955,0.512821,0.034483,0.149606,0.070423,0.138365,0.511747,0.182609,0.16129,0.291667,0
556,0.71875,0.357955,0.512821,0.034483,0.149606,0.070423,0.138365,0.511747,0.182609,0.16129,0.291667,0
557,0.260417,0.505682,0.025641,0.068966,0.16273,0.126761,0.157233,0.361968,0.521739,0.083871,0.607143,0
558,0.229167,0.431818,0.384615,0.089655,0.141732,0.112676,0.622642,0.527166,0.33913,0.503226,0.375,0
559,0.34375,0.693182,0.410256,0.082759,0.11811,0.211268,0.427673,0.476505,0.356522,0.064516,0.25,0
560,0.291667,0.477273,0.717949,0.151724,0.312336,0.056338,0.050314,0.344347,0.304348,0.406452,0.571429,0
561,0.052083,0.375,0.333333,0.096552,0.146982,0.309859,0.427673,0.383994,0.73913,0.141935,0.678571,0
562,0.260417,0.329545,0.192308,0.075862,0.115486,0.126761,0.138365,0.441997,0.373913,0.070968,0.267857,0
563,0.291667,0.465909,0.025641,0.117241,0.112861,0.140845,0.18239,0.403818,0.434783,0.141935,0.428571,0
564,0.291667,0.465909,0.025641,0.117241,0.112861,0.140845,0.18239,0.403818,0.434783,0.141935,0.428571,0
565,0.135417,0.375,0.0,0.096552,0.089239,0.197183,0.169811,0.209251,0.626087,0.122581,0.732143,0
566,0.40625,0.596591,0.128205,0.048276,0.152231,0.028169,0.037736,0.54185,0.391304,0.16129,0.205357,0
567,0.260417,0.579545,0.0,0.089655,0.089239,0.126761,0.113208,0.406021,0.486957,0.206452,0.482143,0
568,0.302083,0.159091,0.538462,0.075862,0.047244,0.070423,0.113208,0.457416,0.504348,0.270968,0.625,0
569,0.260417,0.193182,0.423077,0.055172,0.070866,0.028169,0.044025,0.435389,0.321739,0.451613,0.285714,1
570,0.34375,0.386364,0.5,0.117241,0.125984,0.15493,0.251572,0.618943,0.495652,0.141935,0.410714,0
571,0.364583,0.090909,0.435897,0.289655,0.073491,0.098592,0.100629,0.538179,0.313043,0.348387,0.446429,0
572,0.135417,0.397727,0.0,0.082759,0.07874,0.549296,0.301887,0.361968,0.591304,0.341935,0.410714,0
573,0.135417,0.397727,0.0,0.082759,0.07874,0.549296,0.301887,0.361968,0.591304,0.341935,0.410714,0
574,0.197917,0.909091,0.0,0.062069,0.125984,0.056338,0.062893,0.259178,0.556522,0.025806,0.625,0
575,0.177083,0.352273,0.512821,0.103448,0.097113,0.098592,0.081761,0.457416,0.608696,0.212903,0.392857,0
576,0.364583,0.090909,0.435897,0.289655,0.073491,0.098592,0.100629,0.538179,0.313043,0.348387,0.446429,0
577,0.239583,0.431818,0.0,0.082759,0.11811,0.535211,0.308176,0.406021,0.46087,0.283871,0.535714,0
578,0.375,0.113636,0.474359,0.034483,0.110236,0.098592,0.106918,0.538179,0.347826,0.193548,0.214286,0
579,0.375,0.113636,0.474359,0.034483,0.110236,0.098592,0.106918,0.538179,0.347826,0.193548,0.214286,0
580,0.3125,0.079545,0.474359,0.062069,0.031496,0.309859,0.339623,0.516153,0.478261,0.2,0.660714,0
581,0.302083,0.306818,0.397436,0.082759,0.091864,0.169014,0.427673,0.420705,0.347826,0.090323,0.267857,0
582,0.125,0.318182,0.0,0.048276,0.020997,0.028169,0.031447,0.317915,0.53913,0.290323,0.589286,0
583,0.572917,0.431818,0.474359,1.0,0.472441,0.760563,0.559748,1.0,0.278261,0.23871,0.107143,0
584,0.572917,0.431818,0.474359,1.0,0.472441,0.760563,0.559748,1.0,0.278261,0.23871,0.107143,0
585,0.270833,0.579545,0.025641,0.089655,0.099738,0.422535,0.540881,0.410426,0.4,0.180645,0.47619,0
586,0.28125,0.710227,0.24359,0.296552,0.15748,0.253521,0.578616,0.518355,0.26087,0.077419,0.208333,0
587,0.270833,0.579545,0.025641,0.089655,0.099738,0.422535,0.540881,0.410426,0.4,0.180645,0.482143,0
588,0.28125,0.710227,0.24359,0.296552,0.15748,0.253521,0.578616,0.518355,0.26087,0.077419,0.214286,0
589,0.260417,0.25,0.397436,0.075862,0.057743,0.197183,0.144654,0.34141,0.321739,0.232258,0.517857,1
590,0.729167,0.329545,0.807692,0.089655,0.102362,0.084507,0.106918,0.709985,0.304348,0.187097,0.446429,0
591,0.1875,0.840909,0.0,0.048276,0.047244,0.112676,0.069182,0.337739,0.556522,0.148387,0.446429,0
592,0.135417,0.431818,0.076923,0.062069,0.041995,0.521127,0.522013,0.168135,0.382609,0.064516,0.383929,0
593,0.177083,0.295455,0.115385,0.096552,0.052493,0.464789,0.36478,0.526432,0.478261,0.180645,0.357143,0
594,0.21875,0.545455,0.038462,0.096552,0.107612,0.183099,0.157233,0.395007,0.434783,0.116129,0.357143,0
595,0.229167,0.534091,0.012821,0.103448,0.110236,0.183099,0.207547,0.37812,0.417391,0.083871,0.428571,0
596,0.302083,0.215909,0.769231,0.117241,0.102362,0.309859,0.238994,0.476505,0.452174,0.251613,0.482143,0
597,0.15625,0.465909,0.128205,0.082759,0.036745,0.042254,0.031447,0.323789,0.504348,0.232258,0.428571,0
598,0.25,0.068182,0.628205,0.062069,0.013123,0.098592,0.075472,0.24743,0.46087,0.103226,0.714286,0
599,0.239583,0.306818,0.025641,0.068966,0.120735,0.197183,0.138365,0.356094,0.426087,0.264516,0.392857,0
600,0.229167,0.659091,0.038462,0.096552,0.052493,0.084507,0.062893,0.367841,0.513043,0.148387,0.553571,0
601,0.197917,0.835227,0.051282,0.096552,0.089239,0.084507,0.044025,0.422173,0.582609,0.116129,0.428571,0
602,0.229167,0.659091,0.038462,0.096552,0.052493,0.084507,0.062893,0.367841,0.513043,0.148387,0.553571,0
603,0.15625,0.318182,0.5,0.110345,0.112861,0.070423,0.050314,0.402349,0.565217,0.187097,0.464286,0
604,0.291667,0.25,0.730769,0.096552,0.188976,0.056338,0.037736,0.43906,0.434783,0.096774,0.535714,0
605,0.21875,0.738636,0.064103,0.075862,0.094488,0.070423,0.050314,0.407489,0.565217,0.167742,0.428571,0
606,0.291667,0.25,0.730769,0.096552,0.188976,0.056338,0.037736,0.43906,0.434783,0.096774,0.535714,0
607,0.25,0.125,0.769231,0.082759,0.104987,0.225352,0.119497,0.592511,0.452174,0.206452,0.392857,0
608,0.177083,0.227273,0.269231,0.089655,0.034121,0.352113,0.264151,0.480176,0.530435,0.23871,0.232143,0
609,0.177083,0.715909,0.051282,0.089655,0.070866,0.140845,0.069182,0.426579,0.582609,0.16129,0.357143,0
610,0.177083,0.454545,0.192308,0.062069,0.115486,0.225352,0.371069,0.21072,0.408696,0.129032,0.375,0
611,0.229167,0.772727,0.269231,0.22069,0.104987,0.211268,0.371069,0.613069,0.582609,0.206452,0.14881,0
612,0.229167,0.772727,0.269231,0.22069,0.104987,0.211268,0.371069,0.613069,0.582609,0.206452,0.151786,0
613,0.1875,0.420455,0.076923,0.075862,0.076115,0.394366,0.238994,0.353891,0.452174,0.277419,0.339286,0
614,0.1875,0.420455,0.076923,0.075862,0.076115,0.394366,0.238994,0.353891,0.452174,0.277419,0.339286,0
615,0.135417,0.295455,0.24359,0.075862,0.107612,0.295775,0.257862,0.37812,0.46087,0.245161,0.285714,0
616,0.21875,0.352273,0.102564,0.089655,0.07874,0.239437,0.201258,0.400881,0.382609,0.16129,0.214286,0
617,0.25,0.420455,0.089744,0.055172,0.097113,0.197183,0.113208,0.36931,0.373913,0.167742,0.428571,0
618,0.333333,0.147727,0.628205,0.089655,0.16273,0.28169,0.333333,0.51909,0.391304,0.174194,0.303571,0
619,0.25,0.602273,0.102564,0.082759,0.076115,0.577465,0.289308,0.441263,0.486957,0.129032,0.321429,0
620,0.197917,0.318182,0.115385,0.089655,0.076115,0.112676,0.075472,0.320852,0.486957,0.187097,0.517857,0
621,0.260417,0.420455,0.166667,0.075862,0.062992,0.239437,0.100629,0.415565,0.304348,0.180645,0.267857,0
622,0.239583,0.443182,0.166667,0.089655,0.107612,0.197183,0.18239,0.428047,0.434783,0.122581,0.232143,0
623,0.145833,0.420455,0.102564,0.068966,0.112861,0.323944,0.245283,0.382526,0.643478,0.180645,0.339286,0
624,0.072917,0.477273,0.102564,0.068966,0.065617,0.267606,0.157233,0.35022,0.556522,0.154839,0.321429,0
625,0.15625,0.409091,0.102564,0.241379,0.097113,0.140845,0.163522,0.469163,0.608696,0.148387,0.571429,0
626,0.208333,0.789773,0.025641,0.068966,0.07874,0.394366,0.201258,0.34141,0.382609,0.103226,0.419643,0
627,0.666667,0.318182,0.538462,0.089655,0.07874,0.183099,0.081761,0.551395,0.33913,0.109677,0.357143,0
628,0.1875,0.534091,0.423077,0.062069,0.065617,0.211268,0.138365,0.384728,0.434783,0.154839,0.303571,0
629,0.28125,0.227273,0.384615,0.062069,0.104987,0.225352,0.113208,0.302496,0.330435,0.193548,0.535714,1
630,0.166667,0.590909,0.012821,0.193103,0.181102,0.43662,0.301887,0.42511,0.565217,0.167742,0.517857,0
631,0.197917,0.789773,0.025641,0.103448,0.073491,0.197183,0.106918,0.455213,0.591304,0.129032,0.464286,0
632,0.197917,0.789773,0.025641,0.103448,0.073491,0.197183,0.106918,0.455213,0.591304,0.129032,0.464286,0
633,0.208333,0.579545,0.025641,0.068966,0.070866,0.352113,0.226415,0.353891,0.46087,0.270968,0.446429,0
634,0.208333,0.0,0.820513,0.082759,0.065617,0.323944,0.289308,0.357562,0.417391,0.2,0.5,0
635,0.15625,0.397727,0.179487,0.068966,0.057743,0.197183,0.176101,0.285609,0.53913,0.109677,0.553571,0
636,0.177083,0.227273,0.679487,0.089655,0.514436,0.253521,0.18239,0.244493,0.443478,0.341935,0.714286,0
637,0.177083,0.25,0.179487,0.089655,0.010499,0.197183,0.119497,0.372247,0.504348,0.16129,0.482143,0
638,0.135417,0.477273,0.25641,0.103448,0.107612,0.197183,0.27673,0.337739,0.626087,0.174194,0.732143,0
639,0.09375,0.170455,1.0,0.896552,0.104987,0.309859,0.540881,0.491924,0.46087,0.051613,0.375,0
640,0.291667,0.409091,0.512821,0.089655,0.068241,0.15493,0.08805,0.342878,0.347826,0.154839,0.607143,0
641,0.34375,0.159091,0.807692,0.048276,0.12336,0.211268,0.144654,0.426579,0.382609,0.245161,0.428571,0
642,0.15625,0.613636,0.192308,0.289655,0.110236,0.169014,0.132075,0.451542,0.591304,0.129032,0.625,0
643,0.21875,0.579545,0.192308,0.062069,0.220472,0.169014,0.08805,0.391336,0.486957,0.174194,0.517857,0
644,0.28125,0.215909,0.423077,0.103448,0.089239,0.112676,0.125786,0.339941,0.434783,0.129032,0.625,0
645,0.260417,0.261364,0.564103,0.117241,0.08399,0.295775,0.264151,0.357562,0.382609,0.283871,0.553571,0
646,0.291667,0.170455,0.525641,0.103448,0.081365,0.464789,0.339623,0.356094,0.417391,0.290323,0.535714,0
647,0.114583,0.511364,0.141026,0.062069,0.08399,0.239437,0.138365,0.349486,0.6,0.167742,0.446429,0
648,0.260417,0.568182,0.423077,0.110345,0.089239,0.464789,0.603774,0.298825,0.356522,0.245161,0.785714,0
649,0.166667,0.443182,0.192308,0.062069,0.112861,0.352113,0.18239,0.225404,0.4,0.270968,0.571429,0
650,0.072917,0.659091,0.115385,0.055172,0.144357,0.211268,0.125786,0.290015,0.704348,0.103226,0.571429,0
651,0.166667,0.397727,0.166667,0.096552,0.110236,0.394366,0.213836,0.4163,0.486957,0.225806,0.464286,0
652,0.21875,0.522727,0.102564,0.068966,0.089239,0.380282,0.201258,0.472834,0.486957,0.270968,0.196429,0
653,0.125,0.443182,0.128205,0.089655,0.073491,0.535211,0.283019,0.370778,0.573913,0.232258,0.5,0
654,0.166667,0.397727,0.166667,0.096552,0.110236,0.394366,0.213836,0.4163,0.486957,0.225806,0.464286,0
655,0.135417,0.170455,0.602564,0.186207,0.086614,0.239437,0.226415,0.397944,0.46087,0.167742,0.464286,0
