,Recency,Frequency,Monetary,Time,Class
0,0.027027,1.0,1.0,1.0,1
1,0.0,0.244898,0.244898,0.270833,1
2,0.013514,0.306122,0.306122,0.34375,1
3,0.027027,0.387755,0.387755,0.447917,1
4,0.013514,0.469388,0.469388,0.78125,0
5,0.054054,0.061224,0.061224,0.020833,0
6,0.027027,0.122449,0.122449,0.125,1
7,0.013514,0.22449,0.22449,0.34375,0
8,0.027027,0.163265,0.163265,0.208333,1
9,0.067568,0.918367,0.918367,1.0,1
10,0.054054,0.44898,0.44898,0.583333,0
11,0.0,0.040816,0.040816,0.020833,0
12,0.027027,0.183673,0.183673,0.270833,1
13,0.013514,0.244898,0.244898,0.46875,0
14,0.027027,0.102041,0.102041,0.135417,1
15,0.027027,0.081633,0.081633,0.09375,1
16,0.027027,0.265306,0.265306,0.479167,1
17,0.027027,0.285714,0.285714,0.489583,1
18,0.027027,0.102041,0.102041,0.135417,1
19,0.027027,0.040816,0.040816,0.020833,1
20,0.027027,0.040816,0.040816,0.020833,1
21,0.054054,0.204082,0.204082,0.270833,0
22,0.027027,0.102041,0.102041,0.145833,1
23,0.027027,0.102041,0.102041,0.145833,1
24,0.121622,0.163265,0.163265,0.145833,0
25,0.054054,0.265306,0.265306,0.395833,0
26,0.054054,0.102041,0.102041,0.125,0
27,0.054054,0.22449,0.22449,0.333333,1
28,0.054054,0.081633,0.081633,0.09375,1
29,0.054054,0.142857,0.142857,0.197917,0
30,0.013514,0.265306,0.265306,0.583333,0
31,0.054054,0.183673,0.183673,0.270833,1
32,0.054054,0.183673,0.183673,0.270833,1
33,0.054054,0.163265,0.163265,0.25,1
34,0.027027,0.306122,0.306122,0.645833,0
35,0.027027,0.142857,0.142857,0.270833,1
36,0.027027,0.22449,0.22449,0.46875,1
37,0.054054,0.102041,0.102041,0.145833,1
38,0.027027,0.265306,0.265306,0.572917,1
39,0.054054,0.122449,0.122449,0.208333,1
40,0.027027,0.244898,0.244898,0.53125,1
41,0.027027,0.081633,0.081633,0.145833,0
42,0.027027,0.081633,0.081633,0.145833,1
43,0.027027,0.081633,0.081633,0.145833,0
44,0.054054,0.387755,0.387755,0.697917,1
45,0.054054,0.163265,0.163265,0.270833,1
46,0.027027,0.163265,0.163265,0.354167,0
47,0.027027,0.020408,0.020408,0.0,0
48,0.027027,0.020408,0.020408,0.0,0
49,0.027027,0.020408,0.020408,0.0,0
50,0.027027,0.204082,0.204082,0.458333,0
51,0.027027,0.204082,0.204082,0.458333,1
52,0.027027,0.102041,0.102041,0.208333,0
53,0.027027,0.22449,0.22449,0.520833,0
54,0.054054,0.081633,0.081633,0.125,1
55,0.054054,0.367347,0.367347,0.697917,1
56,0.054054,0.142857,0.142857,0.25,1
57,0.027027,0.122449,0.122449,0.270833,1
58,0.027027,0.306122,0.306122,0.822917,0
59,0.040541,0.102041,0.102041,0.197917,0
60,0.027027,0.122449,0.122449,0.28125,0
61,0.027027,0.142857,0.142857,0.34375,1
62,0.027027,0.183673,0.183673,0.489583,0
63,0.054054,0.081633,0.081633,0.145833,1
64,0.027027,0.040816,0.040816,0.072917,1
65,0.040541,0.306122,0.306122,0.75,0
66,0.027027,0.061224,0.061224,0.125,1
67,0.0,0.020408,0.020408,0.020833,0
68,0.054054,0.122449,0.122449,0.239583,0
69,0.013514,0.163265,0.163265,0.510417,0
70,0.027027,0.061224,0.061224,0.145833,0
71,0.027027,0.061224,0.061224,0.145833,0
72,0.054054,0.326531,0.326531,0.71875,1
73,0.027027,0.020408,0.020408,0.020833,0
74,0.027027,0.020408,0.020408,0.020833,1
75,0.027027,0.020408,0.020408,0.020833,1
76,0.027027,0.061224,0.061224,0.145833,1
77,0.027027,0.020408,0.020408,0.020833,0
78,0.027027,0.020408,0.020408,0.020833,0
79,0.027027,0.020408,0.020408,0.020833,0
80,0.054054,0.102041,0.102041,0.21875,1
81,0.027027,0.061224,0.061224,0.145833,0
82,0.027027,0.061224,0.061224,0.145833,0
83,0.027027,0.061224,0.061224,0.145833,0
84,0.027027,0.102041,0.102041,0.270833,1
85,0.027027,0.102041,0.102041,0.270833,0
86,0.054054,0.020408,0.020408,0.020833,0
87,0.054054,0.020408,0.020408,0.020833,0
88,0.054054,0.020408,0.020408,0.020833,0
89,0.027027,0.122449,0.122449,0.34375,1
90,0.054054,0.020408,0.020408,0.020833,1
91,0.054054,0.020408,0.020408,0.020833,0
92,0.054054,0.020408,0.020408,0.020833,0
93,0.054054,0.020408,0.020408,0.020833,0
94,0.162162,0.204082,0.204082,0.21875,0
95,0.054054,0.122449,0.122449,0.270833,0
96,0.040541,0.326531,0.326531,0.875,0
97,0.054054,0.163265,0.163265,0.375,1
98,0.054054,0.061224,0.061224,0.125,1
99,0.067568,0.122449,0.122449,0.25,1
100,0.054054,0.142857,0.142857,0.333333,1
101,0.027027,0.244898,0.244898,0.770833,1
102,0.054054,0.163265,0.163265,0.395833,0
103,0.027027,0.081633,0.081633,0.25,0
104,0.027027,0.081633,0.081633,0.25,0
105,0.081081,0.326531,0.326531,0.708333,0
106,0.0,0.142857,0.142857,0.59375,0
107,0.040541,0.081633,0.081633,0.25,0
108,0.027027,0.040816,0.040816,0.125,0
109,0.027027,0.183673,0.183673,0.645833,0
110,0.054054,0.081633,0.081633,0.21875,1
111,0.054054,0.163265,0.163265,0.458333,0
112,0.054054,0.081633,0.081633,0.21875,0
113,0.054054,0.142857,0.142857,0.395833,1
114,0.027027,0.22449,0.22449,0.833333,0
115,0.148649,0.469388,0.469388,0.645833,0
116,0.027027,0.122449,0.122449,0.458333,1
117,0.054054,0.204082,0.204082,0.614583,0
118,0.013514,0.122449,0.122449,0.572917,0
119,0.027027,0.204082,0.204082,0.802083,1
120,0.027027,0.040816,0.040816,0.145833,1
121,0.054054,0.081633,0.081633,0.25,1
122,0.027027,0.102041,0.102041,0.40625,1
123,0.027027,0.081633,0.081633,0.322917,1
124,0.027027,0.061224,0.061224,0.25,0
125,0.027027,0.081633,0.081633,0.333333,0
126,0.054054,0.142857,0.142857,0.458333,1
127,0.027027,0.061224,0.061224,0.25,0
128,0.054054,0.142857,0.142857,0.479167,1
129,0.027027,0.020408,0.020408,0.083333,1
130,0.054054,0.081633,0.081633,0.270833,0
131,0.027027,0.22449,0.22449,0.96875,0
132,0.027027,0.020408,0.020408,0.083333,0
133,0.054054,0.102041,0.102041,0.34375,0
134,0.027027,0.204082,0.204082,0.895833,0
135,0.027027,0.040816,0.040816,0.177083,0
136,0.027027,0.081633,0.081633,0.364583,0
137,0.027027,0.22449,0.22449,1.0,0
138,0.121622,0.081633,0.081633,0.177083,0
139,0.027027,0.020408,0.020408,0.09375,0
140,0.027027,0.163265,0.163265,0.75,0
141,0.067568,0.265306,0.265306,0.875,0
142,0.054054,0.040816,0.040816,0.145833,0
143,0.054054,0.040816,0.040816,0.145833,0
144,0.054054,0.020408,0.020408,0.072917,1
145,0.054054,0.040816,0.040816,0.145833,1
146,0.081081,0.040816,0.040816,0.125,0
147,0.027027,0.020408,0.020408,0.09375,0
148,0.027027,0.020408,0.020408,0.09375,1
149,0.027027,0.020408,0.020408,0.09375,0
150,0.027027,0.122449,0.122449,0.583333,1
151,0.054054,0.102041,0.102041,0.385417,0
152,0.054054,0.204082,0.204082,0.791667,0
153,0.027027,0.0,0.0,0.0,1
154,0.027027,0.0,0.0,0.0,0
155,0.027027,0.0,0.0,0.0,0
156,0.027027,0.0,0.0,0.0,0
157,0.027027,0.0,0.0,0.0,0
158,0.027027,0.0,0.0,0.0,0
159,0.027027,0.0,0.0,0.0,0
160,0.027027,0.0,0.0,0.0,0
161,0.027027,0.0,0.0,0.0,0
162,0.027027,0.0,0.0,0.0,0
163,0.027027,0.0,0.0,0.0,1
164,0.027027,0.0,0.0,0.0,1
165,0.027027,0.0,0.0,0.0,1
166,0.027027,0.0,0.0,0.0,0
167,0.027027,0.0,0.0,0.0,0
168,0.027027,0.0,0.0,0.0,0
169,0.027027,0.0,0.0,0.0,0
170,0.027027,0.0,0.0,0.0,0
171,0.027027,0.0,0.0,0.0,0
172,0.027027,0.0,0.0,0.0,0
173,0.027027,0.0,0.0,0.0,0
174,0.027027,0.0,0.0,0.0,0
175,0.148649,0.183673,0.183673,0.34375,0
176,0.148649,0.061224,0.061224,0.145833,1
177,0.054054,0.081633,0.081633,0.322917,1
178,0.054054,0.102041,0.102041,0.40625,1
179,0.027027,0.040816,0.040816,0.208333,0
180,0.054054,0.061224,0.061224,0.25,1
181,0.135135,0.061224,0.061224,0.145833,0
182,0.027027,0.061224,0.061224,0.34375,0
183,0.054054,0.22449,0.22449,0.895833,0
184,0.175676,0.142857,0.142857,0.25,0
185,0.148649,0.163265,0.163265,0.322917,0
186,0.054054,0.081633,0.081633,0.333333,0
187,0.054054,0.061224,0.061224,0.25,0
188,0.108108,0.285714,0.285714,0.78125,0
189,0.054054,0.081633,0.081633,0.34375,1
190,0.054054,0.122449,0.122449,0.520833,0
191,0.054054,0.122449,0.122449,0.520833,0
192,0.027027,0.061224,0.061224,0.34375,0
193,0.148649,0.204082,0.204082,0.416667,0
194,0.027027,0.020408,0.020408,0.125,0
195,0.027027,0.081633,0.081633,0.46875,1
196,0.121622,0.142857,0.142857,0.375,1
197,0.054054,0.102041,0.102041,0.46875,0
198,0.148649,0.122449,0.122449,0.28125,0
199,0.121622,0.163265,0.163265,0.447917,0
200,0.054054,0.102041,0.102041,0.520833,0
201,0.054054,0.122449,0.122449,0.583333,0
202,0.081081,0.020408,0.020408,0.09375,1
203,0.054054,0.122449,0.122449,0.583333,0
204,0.148649,0.163265,0.163265,0.375,0
205,0.148649,0.102041,0.102041,0.25,0
206,0.027027,0.020408,0.020408,0.145833,0
207,0.027027,0.122449,0.122449,0.770833,0
208,0.148649,0.102041,0.102041,0.260417,0
209,0.148649,0.040816,0.040816,0.125,0
210,0.054054,0.0,0.0,0.020833,0
211,0.054054,0.0,0.0,0.020833,0
212,0.054054,0.0,0.0,0.020833,0
213,0.054054,0.0,0.0,0.020833,0
214,0.054054,0.0,0.0,0.020833,0
215,0.054054,0.0,0.0,0.020833,1
216,0.054054,0.0,0.0,0.020833,0
217,0.054054,0.0,0.0,0.020833,0
218,0.054054,0.0,0.0,0.020833,0
219,0.054054,0.0,0.0,0.020833,0
220,0.054054,0.0,0.0,0.020833,0
221,0.054054,0.0,0.0,0.020833,1
222,0.054054,0.0,0.0,0.020833,1
223,0.054054,0.0,0.0,0.020833,0
224,0.054054,0.0,0.0,0.020833,1
225,0.054054,0.0,0.0,0.020833,1
226,0.054054,0.0,0.0,0.020833,0
227,0.054054,0.040816,0.040816,0.229167,0
228,0.054054,0.0,0.0,0.020833,0
229,0.054054,0.0,0.0,0.020833,0
230,0.054054,0.0,0.0,0.020833,0
231,0.054054,0.0,0.0,0.020833,1
232,0.054054,0.0,0.0,0.020833,0
233,0.135135,0.142857,0.142857,0.385417,0
234,0.189189,0.122449,0.122449,0.25,0
235,0.108108,0.183673,0.183673,0.635417,0
236,0.148649,0.040816,0.040816,0.135417,0
237,0.054054,0.020408,0.020408,0.125,0
238,0.027027,0.061224,0.061224,0.427083,0
239,0.108108,0.163265,0.163265,0.583333,0
240,0.108108,0.142857,0.142857,0.520833,1
241,0.148649,0.428571,0.428571,1.0,0
242,0.054054,0.040816,0.040816,0.239583,1
243,0.148649,0.326531,0.326531,0.802083,1
244,0.121622,0.020408,0.020408,0.09375,0
245,0.054054,0.081633,0.081633,0.458333,0
246,0.148649,0.22449,0.22449,0.583333,0
247,0.094595,0.22449,0.22449,0.875,0
248,0.148649,0.020408,0.020408,0.09375,0
249,0.148649,0.020408,0.020408,0.09375,0
250,0.148649,0.020408,0.020408,0.09375,0
251,0.027027,0.102041,0.102041,0.760417,0
252,0.148649,0.142857,0.142857,0.40625,1
253,0.148649,0.040816,0.040816,0.145833,1
254,0.162162,0.244898,0.244898,0.59375,0
255,0.027027,0.040816,0.040816,0.34375,0
256,0.216216,0.142857,0.142857,0.270833,0
257,0.148649,0.122449,0.122449,0.364583,0
258,0.054054,0.040816,0.040816,0.270833,0
259,0.162162,0.22449,0.22449,0.583333,0
260,0.054054,0.061224,0.061224,0.40625,0
261,0.148649,0.265306,0.265306,0.739583,1
262,0.027027,0.020408,0.020408,0.21875,0
263,0.027027,0.040816,0.040816,0.375,1
264,0.054054,0.081633,0.081633,0.583333,0
265,0.054054,0.061224,0.061224,0.427083,1
266,0.040541,0.020408,0.020408,0.21875,0
267,0.148649,0.142857,0.142857,0.458333,0
268,0.054054,0.122449,0.122449,0.833333,0
269,0.175676,0.061224,0.061224,0.197917,0
270,0.216216,0.204082,0.204082,0.395833,0
271,0.216216,0.122449,0.122449,0.270833,0
272,0.094595,0.020408,0.020408,0.145833,0
273,0.054054,0.081633,0.081633,0.583333,0
274,0.054054,0.081633,0.081633,0.583333,0
275,0.054054,0.061224,0.061224,0.458333,0
276,0.189189,0.244898,0.244898,0.572917,0
277,0.054054,0.040816,0.040816,0.333333,0
278,0.189189,0.346939,0.346939,0.791667,0
279,0.148649,0.142857,0.142857,0.479167,0
280,0.189189,0.306122,0.306122,0.708333,0
281,0.189189,0.061224,0.061224,0.208333,1
282,0.189189,0.081633,0.081633,0.25,0
283,0.108108,0.020408,0.020408,0.145833,0
284,0.148649,0.081633,0.081633,0.322917,0
285,0.148649,0.020408,0.020408,0.125,0
286,0.054054,0.020408,0.020408,0.21875,0
287,0.121622,0.020408,0.020408,0.145833,1
288,0.189189,0.081633,0.081633,0.270833,1
289,0.189189,0.040816,0.040816,0.177083,1
290,0.189189,0.061224,0.061224,0.21875,1
291,0.216216,0.22449,0.22449,0.5,0
292,0.148649,0.061224,0.061224,0.270833,0
293,0.148649,0.081633,0.081633,0.34375,0
294,0.148649,0.081633,0.081633,0.34375,0
295,0.027027,0.061224,0.061224,0.708333,0
296,0.189189,0.081633,0.081633,0.270833,0
297,0.189189,0.020408,0.020408,0.125,0
298,0.189189,0.020408,0.020408,0.125,0
299,0.189189,0.020408,0.020408,0.125,0
300,0.189189,0.020408,0.020408,0.125,0
301,0.189189,0.020408,0.020408,0.125,0
302,0.189189,0.020408,0.020408,0.125,0
303,0.027027,0.040816,0.040816,0.520833,0
304,0.189189,0.102041,0.102041,0.333333,0
305,0.148649,0.081633,0.081633,0.364583,1
306,0.054054,0.081633,0.081633,0.75,0
307,0.148649,0.040816,0.040816,0.21875,0
308,0.216216,0.061224,0.061224,0.21875,0
309,0.216216,0.040816,0.040816,0.177083,0
310,0.148649,0.081633,0.081633,0.375,0
311,0.148649,0.020408,0.020408,0.145833,0
312,0.162162,0.163265,0.163265,0.604167,0
313,0.121622,0.0,0.0,0.072917,0
314,0.121622,0.0,0.0,0.072917,0
315,0.054054,0.020408,0.020408,0.28125,0
316,0.148649,0.020408,0.020408,0.15625,0
317,0.189189,0.061224,0.061224,0.25,0
318,0.148649,0.163265,0.163265,0.729167,1
319,0.148649,0.081633,0.081633,0.40625,0
320,0.202703,0.306122,0.306122,0.833333,0
321,0.121622,0.081633,0.081633,0.510417,1
322,0.148649,0.061224,0.061224,0.333333,0
323,0.189189,0.142857,0.142857,0.5,1
324,0.216216,0.122449,0.122449,0.375,0
325,0.189189,0.020408,0.020408,0.145833,0
326,0.027027,0.020408,0.020408,0.40625,0
327,0.189189,0.306122,0.306122,1.0,0
328,0.189189,0.061224,0.061224,0.270833,1
329,0.216216,0.122449,0.122449,0.385417,0
330,0.189189,0.122449,0.122449,0.46875,0
331,0.216216,0.102041,0.102041,0.34375,0
332,0.216216,0.102041,0.102041,0.34375,1
333,0.148649,0.122449,0.122449,0.625,1
334,0.216216,0.020408,0.020408,0.145833,0
335,0.216216,0.040816,0.040816,0.197917,1
336,0.148649,0.040816,0.040816,0.270833,0
337,0.148649,0.122449,0.122449,0.645833,0
338,0.148649,0.0,0.0,0.09375,1
339,0.121622,0.040816,0.040816,0.333333,0
340,0.189189,0.061224,0.061224,0.291667,0
341,0.310811,0.755102,0.755102,1.0,0
342,0.148649,0.102041,0.102041,0.583333,0
343,0.148649,0.0,0.0,0.09375,0
344,0.148649,0.0,0.0,0.09375,0
345,0.148649,0.0,0.0,0.09375,0
346,0.148649,0.0,0.0,0.09375,0
347,0.148649,0.0,0.0,0.09375,0
348,0.148649,0.0,0.0,0.09375,0
349,0.148649,0.0,0.0,0.09375,0
350,0.148649,0.0,0.0,0.09375,0
351,0.148649,0.020408,0.020408,0.197917,0
352,0.148649,0.081633,0.081633,0.5,0
353,0.148649,0.020408,0.020408,0.197917,0
354,0.216216,0.061224,0.061224,0.270833,0
355,0.054054,0.020408,0.020408,0.40625,0
356,0.216216,0.102041,0.102041,0.395833,0
357,0.189189,0.040816,0.040816,0.25,0
358,0.121622,0.020408,0.020408,0.25,0
359,0.283784,0.306122,0.306122,0.645833,0
360,0.189189,0.102041,0.102041,0.510417,0
361,0.148649,0.020408,0.020408,0.229167,0
362,0.054054,0.040816,0.040816,0.71875,0
363,0.283784,0.244898,0.244898,0.572917,0
364,0.148649,0.102041,0.102041,0.71875,0
365,0.189189,0.020408,0.020408,0.197917,1
366,0.310811,0.285714,0.285714,0.572917,0
367,0.189189,0.061224,0.061224,0.375,0
368,0.148649,0.020408,0.020408,0.25,0
369,0.216216,0.081633,0.081633,0.395833,1
370,0.054054,0.020408,0.020408,0.510417,1
371,0.189189,0.040816,0.040816,0.302083,0
372,0.054054,0.020408,0.020408,0.520833,0
373,0.121622,0.061224,0.061224,0.65625,0
374,0.189189,0.061224,0.061224,0.395833,0
375,0.148649,0.040816,0.040816,0.395833,1
376,0.189189,0.081633,0.081633,0.5,0
377,0.189189,0.0,0.0,0.125,0
378,0.189189,0.0,0.0,0.125,0
379,0.189189,0.0,0.0,0.125,0
380,0.189189,0.0,0.0,0.125,0
381,0.189189,0.0,0.0,0.125,0
382,0.189189,0.0,0.0,0.125,0
383,0.189189,0.0,0.0,0.125,0
384,0.189189,0.0,0.0,0.125,0
385,0.189189,0.122449,0.122449,0.729167,0
386,0.189189,0.0,0.0,0.125,0
387,0.189189,0.0,0.0,0.125,0
388,0.121622,0.040816,0.040816,0.520833,0
389,0.189189,0.122449,0.122449,0.739583,0
390,0.148649,0.061224,0.061224,0.583333,0
391,0.148649,0.061224,0.061224,0.59375,0
392,0.054054,0.020408,0.020408,0.59375,0
393,0.148649,0.061224,0.061224,0.614583,0
394,0.216216,0.061224,0.061224,0.395833,0
395,0.216216,0.183673,0.183673,0.90625,0
396,0.283784,0.020408,0.020408,0.197917,1
397,0.283784,0.040816,0.040816,0.25,0
398,0.216216,0.142857,0.142857,0.770833,0
399,0.283784,0.040816,0.040816,0.25,1
400,0.243243,0.020408,0.020408,0.21875,0
401,0.310811,0.081633,0.081633,0.322917,0
402,0.310811,0.142857,0.142857,0.458333,0
403,0.216216,0.040816,0.040816,0.333333,0
404,0.189189,0.081633,0.081633,0.645833,0
405,0.189189,0.040816,0.040816,0.40625,0
406,0.216216,0.0,0.0,0.145833,0
407,0.216216,0.0,0.0,0.145833,0
408,0.216216,0.0,0.0,0.145833,0
409,0.216216,0.0,0.0,0.145833,0
410,0.216216,0.0,0.0,0.145833,0
411,0.216216,0.0,0.0,0.145833,0
412,0.216216,0.0,0.0,0.145833,0
413,0.216216,0.061224,0.061224,0.447917,0
414,0.216216,0.0,0.0,0.145833,0
415,0.216216,0.0,0.0,0.145833,0
416,0.216216,0.0,0.0,0.145833,0
417,0.216216,0.0,0.0,0.145833,0
418,0.216216,0.0,0.0,0.145833,0
419,0.216216,0.020408,0.020408,0.25,0
420,0.283784,0.020408,0.020408,0.21875,0
421,0.216216,0.020408,0.020408,0.260417,0
422,0.283784,0.020408,0.020408,0.21875,0
423,0.283784,0.020408,0.020408,0.21875,0
424,0.189189,0.061224,0.061224,0.572917,0
425,0.216216,0.081633,0.081633,0.604167,0
426,0.310811,0.020408,0.020408,0.21875,0
427,0.189189,0.081633,0.081633,0.75,0
428,0.310811,0.040816,0.040816,0.270833,0
429,0.216216,0.040816,0.040816,0.395833,0
430,0.121622,0.020408,0.020408,0.520833,0
431,0.121622,0.020408,0.020408,0.520833,0
432,0.216216,0.122449,0.122449,0.885417,1
433,0.189189,0.061224,0.061224,0.645833,0
434,0.189189,0.020408,0.020408,0.34375,0
435,0.216216,0.122449,0.122449,0.947917,0
436,0.283784,0.020408,0.020408,0.239583,0
437,0.189189,0.040816,0.040816,0.520833,0
438,0.310811,0.265306,0.265306,0.947917,0
439,0.243243,0.142857,0.142857,0.96875,0
440,0.216216,0.040816,0.040816,0.458333,0
441,0.148649,0.040816,0.040816,0.770833,0
442,0.148649,0.020408,0.020408,0.520833,0
443,0.148649,0.040816,0.040816,0.770833,0
444,0.310811,0.22449,0.22449,0.875,0
445,0.283784,0.040816,0.040816,0.34375,0
446,0.310811,0.020408,0.020408,0.25,0
447,0.310811,0.020408,0.020408,0.25,0
448,0.310811,0.142857,0.142857,0.645833,0
449,0.216216,0.040816,0.040816,0.5,0
450,0.310811,0.040816,0.040816,0.322917,0
451,0.283784,0.040816,0.040816,0.375,0
452,0.310811,0.020408,0.020408,0.270833,0
453,0.283784,0.0,0.0,0.197917,0
454,0.283784,0.0,0.0,0.197917,0
455,0.283784,0.0,0.0,0.197917,0
456,0.283784,0.0,0.0,0.197917,0
457,0.283784,0.0,0.0,0.197917,0
458,0.283784,0.0,0.0,0.197917,0
459,0.283784,0.0,0.0,0.197917,0
460,0.283784,0.0,0.0,0.197917,0
461,0.283784,0.0,0.0,0.197917,0
462,0.283784,0.0,0.0,0.197917,1
463,0.283784,0.0,0.0,0.197917,0
464,0.283784,0.0,0.0,0.197917,0
465,0.283784,0.081633,0.081633,0.604167,0
466,0.310811,0.061224,0.061224,0.447917,0
467,0.283784,0.061224,0.061224,0.520833,0
468,0.297297,0.0,0.0,0.208333,1
469,0.148649,0.020408,0.020408,0.708333,0
470,0.310811,0.081633,0.081633,0.583333,0
471,0.310811,0.040816,0.040816,0.395833,0
472,0.310811,0.040816,0.040816,0.40625,0
473,0.189189,0.040816,0.040816,0.84375,0
474,0.283784,0.020408,0.020408,0.34375,0
475,0.351351,0.081633,0.081633,0.489583,1
476,0.310811,0.102041,0.102041,0.708333,0
477,0.310811,0.0,0.0,0.21875,0
478,0.310811,0.0,0.0,0.21875,0
479,0.310811,0.0,0.0,0.21875,0
480,0.310811,0.0,0.0,0.21875,0
481,0.310811,0.0,0.0,0.21875,0
482,0.310811,0.0,0.0,0.21875,0
483,0.310811,0.0,0.0,0.21875,0
484,0.310811,0.0,0.0,0.21875,0
485,0.310811,0.061224,0.061224,0.53125,0
486,0.283784,0.102041,0.102041,0.875,0
487,0.310811,0.040816,0.040816,0.479167,0
488,0.283784,0.020408,0.020408,0.40625,0
489,0.283784,0.040816,0.040816,0.645833,0
490,0.216216,0.020408,0.020408,0.708333,0
491,0.283784,0.040816,0.040816,0.708333,0
492,0.310811,0.061224,0.061224,0.885417,0
493,0.310811,0.040816,0.040816,0.90625,0
494,0.310811,0.020408,0.020408,0.885417,0
495,0.472973,0.040816,0.040816,0.645833,0
496,0.513514,0.0,0.0,0.375,0
497,0.513514,0.0,0.0,0.375,0
498,0.540541,0.0,0.0,0.395833,0
499,1.0,0.0,0.0,0.75,0
500,0.027027,0.857143,0.857143,0.875,1
501,0.081081,0.428571,0.428571,0.270833,1
502,0.027027,0.673469,0.673469,0.78125,1
503,0.027027,0.877551,0.877551,1.0,0
504,0.0,0.510204,0.510204,0.770833,1
505,0.027027,0.816327,0.816327,1.0,1
506,0.040541,0.408163,0.408163,0.416667,1
507,0.027027,0.204082,0.204082,0.21875,0
508,0.027027,0.408163,0.408163,0.520833,1
509,0.027027,0.244898,0.244898,0.3125,1
510,0.054054,0.061224,0.061224,0.020833,1
511,0.027027,0.204082,0.204082,0.25,0
512,0.027027,0.204082,0.204082,0.270833,0
513,0.040541,0.265306,0.265306,0.34375,0
514,0.054054,0.306122,0.306122,0.375,1
515,0.054054,0.102041,0.102041,0.125,0
516,0.040541,0.081633,0.081633,0.104167,1
517,0.054054,0.653061,0.653061,1.0,1
518,0.040541,0.183673,0.183673,0.322917,1
519,0.054054,0.183673,0.183673,0.270833,1
520,0.027027,0.204082,0.204082,0.395833,1
521,0.027027,0.204082,0.204082,0.40625,1
522,0.054054,0.244898,0.244898,0.385417,1
523,0.013514,0.183673,0.183673,0.427083,1
524,0.054054,0.163265,0.163265,0.270833,0
525,0.027027,0.061224,0.061224,0.09375,0
526,0.027027,0.081633,0.081633,0.145833,1
527,0.027027,0.285714,0.285714,0.645833,0
528,0.067568,0.469388,0.469388,0.802083,0
529,0.027027,0.102041,0.102041,0.208333,1
530,0.054054,0.081633,0.081633,0.145833,1
531,0.027027,0.061224,0.061224,0.125,1
532,0.054054,0.142857,0.142857,0.270833,0
533,0.027027,0.061224,0.061224,0.125,0
534,0.027027,0.102041,0.102041,0.25,0
535,0.054054,0.081633,0.081633,0.145833,1
536,0.027027,0.122449,0.122449,0.3125,1
537,0.027027,0.102041,0.102041,0.25,1
538,0.027027,0.142857,0.142857,0.375,1
539,0.027027,0.020408,0.020408,0.020833,1
540,0.027027,0.102041,0.102041,0.270833,1
541,0.027027,0.183673,0.183673,0.520833,0
542,0.054054,0.306122,0.306122,0.708333,1
543,0.054054,0.020408,0.020408,0.020833,1
544,0.013514,0.265306,0.265306,0.96875,0
545,0.054054,0.020408,0.020408,0.020833,1
546,0.094595,0.265306,0.265306,0.479167,0
547,0.027027,0.040816,0.040816,0.09375,0
548,0.027027,0.22449,0.22449,0.708333,1
549,0.054054,0.122449,0.122449,0.3125,1
550,0.054054,0.061224,0.061224,0.145833,0
551,0.027027,0.102041,0.102041,0.34375,1
552,0.054054,0.102041,0.102041,0.270833,1
553,0.027027,0.040816,0.040816,0.125,0
554,0.027027,0.061224,0.061224,0.21875,0
555,0.054054,0.061224,0.061224,0.166667,0
556,0.067568,0.102041,0.102041,0.270833,0
557,0.054054,0.102041,0.102041,0.291667,0
558,0.189189,0.081633,0.081633,0.125,0
559,0.040541,0.142857,0.142857,0.5,0
560,0.054054,0.204082,0.204082,0.645833,1
561,0.054054,0.163265,0.163265,0.520833,0
562,0.054054,0.306122,0.306122,1.0,1
563,0.094595,0.183673,0.183673,0.46875,0
564,0.054054,0.265306,0.265306,0.875,0
565,0.027027,0.163265,0.163265,0.760417,0
566,0.054054,0.102041,0.102041,0.34375,0
567,0.054054,0.163265,0.163265,0.552083,0
568,0.054054,0.102041,0.102041,0.34375,1
569,0.027027,0.102041,0.102041,0.447917,0
570,0.027027,0.102041,0.102041,0.46875,0
571,0.054054,0.020408,0.020408,0.072917,0
572,0.027027,0.020408,0.020408,0.09375,1
573,0.027027,0.020408,0.020408,0.09375,0
574,0.027027,0.020408,0.020408,0.09375,1
575,0.054054,0.102041,0.102041,0.375,1
576,0.040541,0.061224,0.061224,0.28125,1
577,0.121622,0.163265,0.163265,0.375,0
578,0.148649,0.081633,0.081633,0.166667,0
579,0.027027,0.040816,0.040816,0.197917,0
580,0.027027,0.0,0.0,0.0,0
581,0.027027,0.0,0.0,0.0,1
582,0.027027,0.0,0.0,0.0,0
583,0.027027,0.0,0.0,0.0,0
584,0.027027,0.0,0.0,0.0,0
585,0.027027,0.0,0.0,0.0,0
586,0.027027,0.0,0.0,0.0,1
587,0.027027,0.0,0.0,0.0,0
588,0.027027,0.0,0.0,0.0,0
589,0.027027,0.0,0.0,0.0,0
590,0.027027,0.0,0.0,0.0,0
591,0.148649,0.204082,0.204082,0.375,0
592,0.027027,0.040816,0.040816,0.208333,0
593,0.121622,0.204082,0.204082,0.489583,1
594,0.067568,0.204082,0.204082,0.760417,0
595,0.040541,0.081633,0.081633,0.375,0
596,0.040541,0.0,0.0,0.010417,1
597,0.054054,0.102041,0.102041,0.427083,0
598,0.027027,0.040816,0.040816,0.229167,0
599,0.162162,0.204082,0.204082,0.385417,0
600,0.027027,0.020408,0.020408,0.125,0
601,0.054054,0.102041,0.102041,0.458333,0
602,0.121622,0.040816,0.040816,0.125,0
603,0.189189,0.142857,0.142857,0.25,0
604,0.054054,0.020408,0.020408,0.114583,0
605,0.054054,0.204082,0.204082,0.96875,0
606,0.027027,0.122449,0.122449,0.78125,0
607,0.027027,0.122449,0.122449,0.78125,0
608,0.054054,0.0,0.0,0.020833,0
609,0.054054,0.0,0.0,0.020833,0
610,0.054054,0.0,0.0,0.020833,0
611,0.054054,0.0,0.0,0.020833,0
612,0.054054,0.0,0.0,0.020833,1
613,0.054054,0.0,0.0,0.020833,0
614,0.054054,0.0,0.0,0.020833,0
615,0.054054,0.0,0.0,0.020833,0
616,0.054054,0.0,0.0,0.020833,0
617,0.054054,0.0,0.0,0.020833,0
618,0.054054,0.0,0.0,0.020833,1
619,0.054054,0.0,0.0,0.020833,0
620,0.054054,0.122449,0.122449,0.625,0
621,0.054054,0.0,0.0,0.020833,0
622,0.054054,0.061224,0.061224,0.333333,1
623,0.148649,0.102041,0.102041,0.270833,0
624,0.175676,0.040816,0.040816,0.125,1
625,0.094595,0.081633,0.081633,0.34375,0
626,0.121622,0.163265,0.163265,0.541667,0
627,0.148649,0.020408,0.020408,0.09375,0
628,0.027027,0.081633,0.081633,0.635417,0
629,0.094595,0.204082,0.204082,0.90625,0
630,0.108108,0.163265,0.163265,0.645833,0
631,0.027027,0.020408,0.020408,0.208333,0
632,0.081081,0.040816,0.040816,0.25,0
633,0.162162,0.285714,0.285714,0.71875,0
634,0.175676,0.040816,0.040816,0.145833,0
635,0.148649,0.306122,0.306122,0.90625,0
636,0.054054,0.081633,0.081633,0.583333,0
637,0.189189,0.122449,0.122449,0.34375,0
638,0.148649,0.061224,0.061224,0.260417,0
639,0.094595,0.163265,0.163265,0.90625,1
640,0.148649,0.142857,0.142857,0.520833,1
641,0.094595,0.081633,0.081633,0.520833,0
642,0.148649,0.102041,0.102041,0.40625,0
643,0.135135,0.081633,0.081633,0.375,0
644,0.189189,0.020408,0.020408,0.125,1
645,0.189189,0.020408,0.020408,0.125,0
646,0.189189,0.020408,0.020408,0.125,0
647,0.027027,0.020408,0.020408,0.322917,0
648,0.148649,0.040816,0.040816,0.21875,0
649,0.189189,0.142857,0.142857,0.458333,0
650,0.121622,0.0,0.0,0.072917,0
651,0.216216,0.081633,0.081633,0.260417,0
652,0.189189,0.061224,0.061224,0.25,0
653,0.054054,0.020408,0.020408,0.291667,0
654,0.189189,0.040816,0.040816,0.197917,0
655,0.216216,0.306122,0.306122,0.78125,0
656,0.054054,0.020408,0.020408,0.302083,0
657,0.189189,0.142857,0.142857,0.5,0
658,0.148649,0.040816,0.040816,0.25,0
659,0.189189,0.122449,0.122449,0.447917,0
660,0.202703,0.081633,0.081633,0.322917,0
661,0.216216,0.020408,0.020408,0.145833,0
662,0.216216,0.040816,0.040816,0.197917,0
663,0.148649,0.142857,0.142857,0.729167,0
664,0.148649,0.0,0.0,0.09375,0
665,0.148649,0.0,0.0,0.09375,0
666,0.148649,0.0,0.0,0.09375,0
667,0.148649,0.0,0.0,0.09375,1
668,0.148649,0.0,0.0,0.09375,0
669,0.027027,0.040816,0.040816,0.760417,1
670,0.027027,0.040816,0.040816,0.78125,0
671,0.216216,0.061224,0.061224,0.270833,0
672,0.216216,0.285714,0.285714,0.885417,0
673,0.216216,0.265306,0.265306,0.84375,0
674,0.216216,0.183673,0.183673,0.625,0
675,0.216216,0.040816,0.040816,0.21875,0
676,0.189189,0.040816,0.040816,0.25,0
677,0.310811,0.367347,0.367347,0.625,0
678,0.148649,0.122449,0.122449,0.760417,0
679,0.189189,0.040816,0.040816,0.270833,0
680,0.27027,0.265306,0.265306,0.697917,1
681,0.054054,0.020408,0.020408,0.458333,0
682,0.148649,0.020408,0.020408,0.239583,0
683,0.148649,0.040816,0.040816,0.364583,0
684,0.216216,0.061224,0.061224,0.322917,0
685,0.283784,0.122449,0.122449,0.375,0
686,0.175676,0.122449,0.122449,0.770833,0
687,0.216216,0.102041,0.102041,0.5,0
688,0.189189,0.040816,0.040816,0.322917,0
689,0.189189,0.0,0.0,0.125,0
690,0.189189,0.0,0.0,0.125,0
691,0.189189,0.0,0.0,0.125,0
692,0.189189,0.0,0.0,0.125,0
693,0.189189,0.0,0.0,0.125,0
694,0.189189,0.0,0.0,0.125,0
695,0.22973,0.122449,0.122449,0.583333,1
696,0.189189,0.040816,0.040816,0.34375,0
697,0.189189,0.040816,0.040816,0.34375,0
698,0.216216,0.122449,0.122449,0.645833,0
699,0.283784,0.020408,0.020408,0.197917,0
700,0.216216,0.040816,0.040816,0.34375,0
701,0.216216,0.0,0.0,0.145833,0
702,0.216216,0.0,0.0,0.145833,0
703,0.216216,0.0,0.0,0.145833,0
704,0.216216,0.0,0.0,0.145833,0
705,0.216216,0.0,0.0,0.145833,0
706,0.189189,0.020408,0.020408,0.28125,0
707,0.148649,0.061224,0.061224,0.75,0
708,0.148649,0.020408,0.020408,0.375,1
709,0.283784,0.102041,0.102041,0.479167,0
710,0.310811,0.020408,0.020408,0.21875,0
711,0.310811,0.102041,0.102041,0.447917,0
712,0.189189,0.020408,0.020408,0.34375,1
713,0.216216,0.102041,0.102041,0.822917,0
714,0.216216,0.061224,0.061224,0.583333,0
715,0.216216,0.081633,0.081633,0.71875,0
716,0.283784,0.020408,0.020408,0.25,0
717,0.283784,0.040816,0.040816,0.34375,0
718,0.283784,0.040816,0.040816,0.34375,0
719,0.310811,0.142857,0.142857,0.697917,0
720,0.283784,0.040816,0.040816,0.375,0
721,0.310811,0.040816,0.040816,0.34375,0
722,0.283784,0.040816,0.040816,0.395833,0
723,0.310811,0.020408,0.020408,0.270833,0
724,0.283784,0.0,0.0,0.197917,0
725,0.283784,0.0,0.0,0.197917,0
726,0.337838,0.102041,0.102041,0.5,0
727,0.283784,0.0,0.0,0.197917,0
728,0.283784,0.0,0.0,0.197917,0
729,0.310811,0.040816,0.040816,0.385417,0
730,0.283784,0.020408,0.020408,0.322917,0
731,0.189189,0.040816,0.040816,0.802083,0
732,0.310811,0.0,0.0,0.21875,1
733,0.310811,0.0,0.0,0.21875,0
734,0.310811,0.0,0.0,0.21875,0
735,0.310811,0.0,0.0,0.21875,0
736,0.310811,0.0,0.0,0.21875,0
737,0.310811,0.0,0.0,0.21875,0
738,0.310811,0.0,0.0,0.21875,0
739,0.310811,0.061224,0.061224,0.520833,0
740,0.310811,0.0,0.0,0.21875,0
741,0.310811,0.122449,0.122449,0.895833,0
742,0.216216,0.040816,0.040816,0.875,0
743,0.310811,0.020408,0.020408,0.375,0
744,0.283784,0.020408,0.020408,0.520833,0
745,0.310811,0.040816,0.040816,0.625,0
746,0.527027,0.0,0.0,0.385417,0
747,0.972973,0.0,0.0,0.729167,0
